Level,ParentPath,AssemblyPath,LineType,PartNumber,PartName,PartKey,QuantityInThisLine,Quantity_in_Parent,OccurrenceLabel,OccurrenceInternalName,Placement,LinkedObjectName,LinkedObjectLabel,Volume_mm3,Area_mm2,BoundingBox_mm,CenterOfMass
0,,Lenkstange komplett,Occurrence(Link),,Lenkstange komplett,LinkGroup016,1,1,Lenkstange komplett,LinkGroup016,"Placement [Pos=(0,0,0), Yaw-Pitch-Roll=(0,0,0)]",LinkGroup016,Lenkstange komplett,14604.17071,13471.562,292.99998932152295 x 14.999978643045809 x 21.0,"Vector (-5.480320336607076e-15, 7.735679265942019e-16, 3.5392949494118495)"
1,Lenkstange komplett,Lenkstange komplett/Lenkstange,DirectPart,,Lenkstange,Solid040,1,1,Lenkstange,Solid040,"Placement [Pos=(0,0,0), Yaw-Pitch-Roll=(0,0,0)]",Solid040,Lenkstange,12458.0422,10814.69071,292.9481310359799 x 14.99834499798156 x 6.0,"Vector (-3.942249760585321e-15, 7.802369317825115e-16, 3.000000000000001)"
1,Lenkstange komplett,Lenkstange komplett/BÃ¼chse003,Occurrence(Link),,BÃ¼chse,Solid016,2,2,BÃ¼chse003,Link050,"Placement [Pos=(0,0,0), Yaw-Pitch-Roll=(0,0,0)]",Solid016,BÃ¼chse,236.3734313,388.3858246,7.984213827426173 x 8.2 x 8.0,"Vector (4.0581239954877407e-16, 4.100000000000001, 7.966246123846256e-17)"
1,Lenkstange komplett,Lenkstange komplett/M5x019,Occurrence(Link),,M5x16,Solid017,2,2,M5x019,Link051,"Placement [Pos=(0,0,0), Yaw-Pitch-Roll=(0,0,0)]",Solid017,M5x16,548.2507296,531.080465,8.486812386332247 x 21.00000000000003 x 8.486812386332304,"Vector (3.9242994429763205, 117.23900952949309, -716.314518603178)"
1,Lenkstange komplett,Lenkstange komplett/U-Scheibe003,Occurrence(Link),,U-Scheibe,Solid018,2,2,U-Scheibe003,Link052,"Placement [Pos=(0,0,0), Yaw-Pitch-Roll=(0,0,0)]",Solid018,U-Scheibe,288.4400935,408.9693582,15.0 x 2.0 x 15.0,"Vector (4.926795905064991e-16, 0.9482645948300898, 1.8907400395237305e-16)"
0,,Lautsprecher klein komplett,Occurrence(Link),,Lautsprecher klein komplett,LinkGroup018,1,1,Lautsprecher klein komplett,LinkGroup018,"Placement [Pos=(0,0,0), Yaw-Pitch-Roll=(0,0,0)]",LinkGroup018,Lautsprecher klein komplett,1323.864716,2833.367818,11.200000000000006 x 24.989423752055007 x 25.000000000000004,"Vector (1.4627119307300671, -6.667276477508273e-07, 7.34426674464745e-07)"
1,Lautsprecher klein komplett,Lautsprecher klein komplett/Lautsprecher klein,DirectPart,,Lautsprecher klein,Solid051,1,1,Lautsprecher klein,Solid051,"Placement [Pos=(0,5.55112e-14,0), Yaw-Pitch-Roll=(0,0,0)]",Solid051,Lautsprecher klein,746.6562982,1279.303254,5.39552894145986 x 24.9633353462781 x 25.0,"Vector (0.16520482882169396, 5.5463569583754904e-14, 8.778813964289153e-16)"
1,Lautsprecher klein komplett,Lautsprecher klein komplett/Lautsprecher klein Box,DirectPart,,Lautsprecher klein Box,Solid052,1,1,Lautsprecher klein Box,Solid052,"Placement [Pos=(1.5,5.55112e-14,0), Yaw-Pitch-Roll=(0,0,0)]",Solid052,Lautsprecher klein Box,577.208572,1554.064564,6.000000000000002 x 24.989423752055007 x 25.000000000000004,"Vector (3.1411205627136294, -1.5291826821870416e-06, 1.6844546679101434e-06)"
0,,Sitz komplett,Occurrence(Link),,Sitz komplett,LinkGroup019,1,1,Sitz komplett,LinkGroup019,"Placement [Pos=(0,0,0), Yaw-Pitch-Roll=(0,0,0)]",LinkGroup019,Sitz komplett,69424.18909,75261.81393,156.74637170624862 x 180.93059311667312 x 104.06706759053229,"Vector (-10.885507895258193, 49.51531144405474, 0.008720412695859579)"
1,Sitz komplett,Sitz komplett/Schalensitz,DirectPart,,Schalensitz,Solid055,1,1,Schalensitz,Solid055,"Placement [Pos=(5.55112e-14,0,0), Yaw-Pitch-Roll=(0,0,0)]",Solid055,Schalensitz,45782.07184,46079.10709,148.02074880953955 x 166.07280386463307 x 104.06706759053229,"Vector (-10.835623847382127, 56.179553535397204, 0.013240578000888105)"
1,Sitz komplett,Sitz komplett/Sitzhalterung 2,DirectPart,,Sitzhalterung 2,Solid056,1,1,Sitzhalterung 2,Solid056,"Placement [Pos=(-0.580884,-1.55718,-27), Yaw-Pitch-Roll=(0.000476701,0,0)]",Solid056,Sitzhalterung 2,21943.3983,26106.01672,156.74637170624862 x 148.9962692715661 x 90.00000000000003,"Vector (-11.522407909313714, 36.5320289806609, 7.105427357601002e-15)"
1,Sitz komplett,Sitz komplett/M3x019,Occurrence(Link),,M3x10,Solid057,10,10,M3x019,Link057,"Placement [Pos=(0,0,0), Yaw-Pitch-Roll=(0,0,0)]",Solid057,M3x10,128.3782147,205.4447104,13.0 x 5.484620884496492 x 5.5,"Vector (2.0636408434218683, 0.0, -2.631891695209035e-17)"
1,Sitz komplett,Sitz komplett/6Kant Mutter M012,Occurrence(Link),,6Kant Mutter M3,Solid058,10,10,6Kant Mutter M012,Link058,"Placement [Pos=(0,0,0), Yaw-Pitch-Roll=(0,0,0)]",Solid058,6Kant Mutter M3,50.36061943,102.2243016,5.5 x 6.350852961085883 x 2.4,"Vector (1.5986160472103108e-06, 7.080717089789204e-07, 1.199999444811951)"
0,,RÃ¼ckleuchte gross,Occurrence(Link),,RÃ¼ckleuchte gross,LinkGroup024,1,1,RÃ¼ckleuchte gross,LinkGroup024,"Placement [Pos=(0,0,0), Yaw-Pitch-Roll=(0,0,0)]",LinkGroup024,RÃ¼ckleuchte gross,7907.344592,8214.252082,35.99999999999999 x 35.99999999999999 x 15.000000000000004,"Vector (-1.1296294245626819e-13, 1.065367349166584e-13, 6.603917462397558)"
1,RÃ¼ckleuchte gross,RÃ¼ckleuchte gross/Fassung gross,DirectPart,,Fassung gross,Solid076,1,1,Fassung gross,Solid076,"Placement [Pos=(-1.11022e-13,1.11022e-13,-3.33067e-13), Yaw-Pitch-Roll=(0,0,0)]",Solid076,Fassung gross,5581.277485,5379.4816,35.99999999999999 x 35.99999999999999 x 15.000000000000004,"Vector (-1.1348011235054926e-13, 9.366764020180442e-14, 5.019576588720539)"
1,RÃ¼ckleuchte gross,RÃ¼ckleuchte gross/Glas gross,DirectPart,,Glas gross,Solid077,1,1,Glas gross,Solid077,"Placement [Pos=(-1.11022e-13,1.38778e-13,13), Yaw-Pitch-Roll=(0,90,0)]",Solid077,Glas gross,2326.06545,2834.770482,34.5 x 34.5 x 5.000000000000005,"Vector (-1.1172201921117503e-13, 1.3741548279344246e-13, 10.405463994857868)"
0,,RÃ¼ckleuchte klein,Occurrence(Link),,RÃ¼ckleuchte klein,LinkGroup025,1,1,RÃ¼ckleuchte klein,LinkGroup025,"Placement [Pos=(0,0,0), Yaw-Pitch-Roll=(0,0,0)]",LinkGroup025,RÃ¼ckleuchte klein,5635.778552,6893.178801,31.0 x 31.0 x 15.000000000000012,"Vector (-1.2302499315668112e-14, 1.5837310950152934e-13, 6.544545593351875)"
1,RÃ¼ckleuchte klein,RÃ¼ckleuchte klein/Fassung klein,DirectPart,,Fassung klein,Solid078,1,1,Fassung klein,Solid078,"Placement [Pos=(-1.38778e-14,1.66533e-13,-4.44089e-13), Yaw-Pitch-Roll=(0,0,0)]",Solid078,Fassung klein,3961.953395,4514.011649,31.0 x 31.0 x 14.999999999999998,"Vector (-1.7474432716279108e-14, 1.5626077154775394e-13, 4.911142889222112)"
1,RÃ¼ckleuchte klein,RÃ¼ckleuchte klein/Glas klein,DirectPart,,Glas klein,Solid079,1,1,Glas klein,Solid079,"Placement [Pos=(0,1.66533e-13,13), Yaw-Pitch-Roll=(0,90,0)]",Solid079,Glas klein,1673.823416,2379.167152,30.0 x 30.0 x 5.000000000000005,"Vector (-6.049164974744523e-17, 1.6337303030872273e-13, 10.410822839522487)"
0,,Benzineinlass,Occurrence(Link),,Benzineinlass,LinkGroup026,1,1,Benzineinlass,LinkGroup026,"Placement [Pos=(0,0,0), Yaw-Pitch-Roll=(0,0,0)]",LinkGroup026,Benzineinlass,20170.08234,22378.11162,36.00000000000003 x 82.23974100949405 x 52.713799720856365,"Vector (-0.17139162642849298, -13.912694613559461, -18.546785088913317)"
1,Benzineinlass,Benzineinlass/Tankverschluss,DirectPart,,Tankverschluss,Solid081,1,1,Tankverschluss,Solid081,"Placement [Pos=(0,2.22045e-13,-5.55112e-14), Yaw-Pitch-Roll=(0,0,0)]",Solid081,Tankverschluss,4227.858378,3957.16124,36.00000000000001 x 35.94720289864047 x 8.000000000000002,"Vector (4.5855742579763344e-15, 2.1706030334702386e-13, 0.15664821402568493)"
1,Benzineinlass,Benzineinlass/Tankeinlass,DirectPart,,Tankeinlass,Solid082,1,1,Tankeinlass,Solid082,"Placement [Pos=(2.77556e-14,2.22045e-13,-5), Yaw-Pitch-Roll=(0,0,0)]",Solid082,Tankeinlass,4951.448801,4757.229623,36.0 x 36.0 x 27.06013520712968,"Vector (1.7265695711471266e-05, -0.2008787767723295, -11.205331421379306)"
1,Benzineinlass,Benzineinlass/M3x021,Occurrence(Link),,M3x16,Solid025,8,8,M3x021,Link074,"Placement [Pos=(0,0,0), Yaw-Pitch-Roll=(0,0,0)]",Solid025,M3x16,170.7897156,261.9933782,19.0 x 5.481214711536685 x 5.5,"Vector (4.755287903637331, 1.716138922843308e-16, -2.4039528905053452e-17)"
1,Benzineinlass,Benzineinlass/Tank-Schlauch,DirectPart,,Tank-Schlauch,Solid083,1,1,Tank-Schlauch,Solid083,"Placement [Pos=(0,-63.0481,-36.8149), Yaw-Pitch-Roll=(180,0,174)]",Solid083,Tank-Schlauch,8700.761497,9408.201601,22.722126440552078 x 73.63472765207837 x 33.74413845494499,"Vector (3.08909221258228e-15, -28.61258741929653, -33.2986473579783)"
1,Benzineinlass,Benzineinlass/Bride001,Occurrence(Link),,Bride,Solid084,2,2,Bride001,Link075,"Placement [Pos=(0,0,0), Yaw-Pitch-Roll=(0,0,0)]",Solid084,Bride,461.7892966,1079.786068,28.535378340711134 x 6.0 x 24.5,"Vector (6.463379724276968, -2.6773854150379578e-06, 0.21259791048257173)"
0,,Scheibenwischer komplett,Occurrence(Link),,Scheibenwischer komplett,LinkGroup029,1,1,Scheibenwischer komplett,LinkGroup029,"Placement [Pos=(0,0,0), Yaw-Pitch-Roll=(0,0,0)]",LinkGroup029,Scheibenwischer komplett,1588.07672,3674.448043,125.07263123142951 x 20.629144231258234 x 6.0,"Vector (30.11054640007702, -0.38870465740735366, 8.18403645391859e-08)"
1,Scheibenwischer komplett,Scheibenwischer komplett/Scheibenwischer,DirectPart,,Scheibenwischer,Solid098,1,1,Scheibenwischer,Solid098,"Placement [Pos=(-2.77556e-14,2.77556e-14,5.55112e-14), Yaw-Pitch-Roll=(0,0,0)]",Solid098,Scheibenwischer,1298.125718,2220.057787,125.07263123142951 x 20.629144231258234 x 6.0,"Vector (36.83606499752868, -0.4832211090518846, 1.0012026033410799e-07)"
1,Scheibenwischer komplett,Scheibenwischer komplett/Scheibenwischer-Blatt,DirectPart,,Scheibenwischer-Blatt,Solid099,1,1,Scheibenwischer-Blatt,Solid099,"Placement [Pos=(-2.77556e-14,2.77556e-14,5.55112e-14), Yaw-Pitch-Roll=(0,0,0)]",Solid099,Scheibenwischer-Blatt,289.9505225,1454.390256,109.99999999999997 x 4.992076592934861 x 2.0,"Vector (6.085687145576014e-14, 0.03445111289883847, 1.8484952887416002e-13)"
0,,Nissan GT-R,Occurrence(Link),,Nissan GT-R,LinkGroup031,1,1,Nissan GT-R,LinkGroup031,"Placement [Pos=(0,0,0), Yaw-Pitch-Roll=(0,0,0)]",LinkGroup031,Nissan GT-R,10599815.68,7596846.421,590.6509672537916 x 331.32434075195374 x 953.428080191119,"Vector (4.079847720049097, 158.91185876048576, -412.1281770138433)"
1,Nissan GT-R,Nissan GT-R/Fahrwerk,Occurrence(Link),,Fahrwerk,LinkGroup017,1,1,Fahrwerk,LinkGroup017,"Placement [Pos=(0,0,0), Yaw-Pitch-Roll=(0,0,0)]",LinkGroup017,Fahrwerk,4374835.137,3265158.951,442.98142354863955 x 162.3999632133152 x 953.428080191119,"Vector (3.791572828814186, 105.64372565172036, -396.31735139176476)"
2,Nissan GT-R/Fahrwerk,Nissan GT-R/Fahrwerk/Rahmen komplett,Occurrence(Link),,Rahmen komplett,LinkGroup,1,1,Rahmen komplett,LinkGroup,"Placement [Pos=(3.9243,68.6694,-39.3145), Yaw-Pitch-Roll=(0,0,0)]",LinkGroup,Rahmen komplett,1051109.729,755100.2418,326.00000000000006 x 146.50000000000364 x 774.61880215,"Vector (3.9243011482900356, 115.19588679697982, -395.5019870829127)"
3,Nissan GT-R/Fahrwerk/Rahmen komplett,Nissan GT-R/Fahrwerk/Rahmen komplett/Abdeckung hinten001,Occurrence(Link),,Abdeckung hinten,Solid,2,2,Abdeckung hinten001,Link,"Placement [Pos=(0,0,0), Yaw-Pitch-Roll=(0,0,0)]",Solid,Abdeckung hinten,7919.30587,32068.09164,157.99999999999997 x 136.50000000000009 x 0.5,"Vector (3.690273433644579, 10.710414802398162, 0.25)"
3,Nissan GT-R/Fahrwerk/Rahmen komplett,Nissan GT-R/Fahrwerk/Rahmen komplett/Abdeckung vorne001,Occurrence(Link),,Abdeckung vorne,Solid001,2,2,Abdeckung vorne001,Link001,"Placement [Pos=(0,0,0), Yaw-Pitch-Roll=(0,0,0)]",Solid001,Abdeckung vorne,8639.342573,34961.94428,157.99999999999997 x 136.49999999999997 x 0.5,"Vector (0.48614810264729963, 5.723908014338621, 0.2500000000000001)"
3,Nissan GT-R/Fahrwerk/Rahmen komplett,Nissan GT-R/Fahrwerk/Rahmen komplett/SeitenfÃ¼hrung001,Occurrence(Link),,SeitenfÃ¼hrung,Solid002,2,2,SeitenfÃ¼hrung001,Link002,"Placement [Pos=(0,0,0), Yaw-Pitch-Roll=(0,0,0)]",Solid002,SeitenfÃ¼hrung,227818.9454,107188.1306,774.61880215 x 146.50000000000009 x 8.0,"Vector (55.328668403360915, -2.1483639838373865, 2.561458849462635e-14)"
3,Nissan GT-R/Fahrwerk/Rahmen komplett,Nissan GT-R/Fahrwerk/Rahmen komplett/AchsverstÃ¤rkung unten001,Occurrence(Link),,AchsverstÃ¤rkung unten,Solid003,3,3,AchsverstÃ¤rkung unten001,Link003,"Placement [Pos=(0,0,0), Yaw-Pitch-Roll=(0,0,0)]",Solid003,AchsverstÃ¤rkung unten,24529.3104,14071.36445,226.0 x 19.50000000000004 x 8.0,"Vector (-7.675120098769091e-15, 9.90781778376093, -8.976825869859194e-17)"
3,Nissan GT-R/Fahrwerk/Rahmen komplett,Nissan GT-R/Fahrwerk/Rahmen komplett/AchsverstÃ¤rkung oben001,Occurrence(Link),,AchsverstÃ¤rkung oben,Solid004,2,2,AchsverstÃ¤rkung oben001,Link004,"Placement [Pos=(0,0,0), Yaw-Pitch-Roll=(0,0,0)]",Solid004,AchsverstÃ¤rkung oben,14190.30445,7623.328296,226.0 x 8.000000000000039 x 8.0,"Vector (-3.076448841884727e-15, 4.000000000000013, -6.50321435924192e-17)"
3,Nissan GT-R/Fahrwerk/Rahmen komplett,Nissan GT-R/Fahrwerk/Rahmen komplett/Steg001,Occurrence(Link),,Steg,Solid005,2,2,Steg001,Link005,"Placement [Pos=(0,0,0), Yaw-Pitch-Roll=(0,0,0)]",Solid005,Steg,41117.13081,24134.3251,326.0 x 36.00000000000001 x 8.0,"Vector (1.4034889520257545e-14, 16.282829468700207, -1.6602204475061685e-16)"
3,Nissan GT-R/Fahrwerk/Rahmen komplett,Nissan GT-R/Fahrwerk/Rahmen komplett/Mitteltunnel,DirectPart,,Mitteltunnel,Solid006,1,1,Mitteltunnel,Solid006,"Placement [Pos=(0,0,0), Yaw-Pitch-Roll=(0,0,0)]",Solid006,Mitteltunnel,137763.0284,153108.3039,60.00000000000003 x 45.50000000000001 x 700.0000000000002,"Vector (3.343191002793056e-14, 29.716677393852365, -342.9574521123217)"
3,Nissan GT-R/Fahrwerk/Rahmen komplett,Nissan GT-R/Fahrwerk/Rahmen komplett/M4x017,Occurrence(Link),,M4x16,Solid007,54,54,M4x017,Link006,"Placement [Pos=(0,0,0), Yaw-Pitch-Roll=(0,0,0)]",Solid007,M4x16,330.8917903,384.2333451,20.0 x 7.0 x 7.0,"Vector (4.045039047131141, 1.610517599394883e-17, 4.742894089675306e-17)"
3,Nissan GT-R/Fahrwerk/Rahmen komplett,Nissan GT-R/Fahrwerk/Rahmen komplett/Achsstrebe hinten,DirectPart,,Achsstrebe hinten,Solid008,1,1,Achsstrebe hinten,Solid008,"Placement [Pos=(8.84709e-14,57.5,-632), Yaw-Pitch-Roll=(0,0,0)]",Solid008,Achsstrebe hinten,28709.47428,19044.54885,210.00000000000003 x 60.000000000000014 x 8.0,"Vector (0.00024519206905090413, 56.65053954525179, -631.9999971317114)"
3,Nissan GT-R/Fahrwerk/Rahmen komplett,Nissan GT-R/Fahrwerk/Rahmen komplett/Radhalter001,Occurrence(Link),,Radhalter,Solid009,6,6,Radhalter001,Link007,"Placement [Pos=(0,0,0), Yaw-Pitch-Roll=(0,0,0)]",Solid009,Radhalter,25424.67373,13845.98028,130.0 x 8.0 x 110.42991177749764,"Vector (4.743160695287452e-15, -3.563239386337203e-18, -50.73976462059951)"
3,Nissan GT-R/Fahrwerk/Rahmen komplett,Nissan GT-R/Fahrwerk/Rahmen komplett/Achsstrebe vorne,DirectPart,,Achsstrebe vorne,Solid010,1,1,Achsstrebe vorne,Solid010,"Placement [Pos=(5.20417e-14,57.5,-52), Yaw-Pitch-Roll=(0,0,0)]",Solid010,Achsstrebe vorne,18140.17963,13198.34759,210.00000000000003 x 60.00000000000017 x 8.0,"Vector (-0.0002892398705702415, 48.53224029222563, -52.00000253992354)"
3,Nissan GT-R/Fahrwerk/Rahmen komplett,Nissan GT-R/Fahrwerk/Rahmen komplett/Radhalter kurz001,Occurrence(Link),,Radhalter kurz,Solid011,2,2,Radhalter kurz001,Link008,"Placement [Pos=(0,0,0), Yaw-Pitch-Roll=(0,0,0)]",Solid011,Radhalter kurz,11102.00328,5250.913694,65.0 x 8.0 x 52.96228772714443,"Vector (8.217820287154578e-08, -3.318633998512017e-09, -23.179719636037206)"
3,Nissan GT-R/Fahrwerk/Rahmen komplett,Nissan GT-R/Fahrwerk/Rahmen komplett/Senk_M4x017,Occurrence(Link),,Senk_M4x16,Solid012,4,4,Senk_M4x017,Link009,"Placement [Pos=(0,0,0), Yaw-Pitch-Roll=(0,0,0)]",Solid012,Senk_M4x16,229.7295825,314.2496404,16.0 x 8.0 x 8.0,"Vector (6.957381198732899, 3.0929527144473563e-17, -1.0021192459115124e-16)"
2,Nissan GT-R/Fahrwerk,Nissan GT-R/Fahrwerk/Unterboden-Change,DirectPart,,Unterboden-Change,Solid013,1,1,Unterboden-Change,Solid013,"Placement [Pos=(3.9243,66.6694,-671.315), Yaw-Pitch-Roll=(0,90,0)]",Solid013,Unterboden-Change,1377608.397,1111306.212,405.97125103872577 x 71.50000000000045 x 950.428080191119,"Vector (3.9765313270432583, 79.26772319754927, -382.53298673952423)"
2,Nissan GT-R/Fahrwerk,Nissan GT-R/Fahrwerk/Zwischenboden,DirectPart,,Zwischenboden,Solid014,1,1,Zwischenboden,Solid014,"Placement [Pos=(3.9243,104.669,-671.315), Yaw-Pitch-Roll=(0,90,0)]",Solid014,Zwischenboden,139147.1922,150093.37,404.323424538097 x 2.0 x 688.0958035512116,"Vector (3.9243757370127423, 105.66939755985312, -207.42487701441883)"
2,Nissan GT-R/Fahrwerk,Nissan GT-R/Fahrwerk/Hinterrad links komplett,Occurrence(Link),,Hinterrad links komplett,LinkGroup007,1,1,Hinterrad links komplett,LinkGroup007,"Placement [Pos=(147.924,126.169,-671.315), Yaw-Pitch-Roll=(0,90,-1.55052e-13)]",LinkGroup007,Hinterrad links komplett,410963.9875,277308.9295,86.0000000000102 x 146.79704034765558 x 146.79949208057224,"Vector (167.99474567196486, 126.0931286926805, -669.5131262170488)"
3,Nissan GT-R/Fahrwerk/Hinterrad links komplett,Nissan GT-R/Fahrwerk/Hinterrad links komplett/Lenkhalter links kompl,Occurrence(Link),,Lenkhalter links kompl,LinkGroup001,1,1,Lenkhalter links kompl,LinkGroup001,"Placement [Pos=(0,0,0), Yaw-Pitch-Roll=(0,0,0)]",LinkGroup001,Lenkhalter links kompl,18384.05084,13493.9574,79.0 x 90.39999999999995 x 20.00000000000003,"Vector (3.9545768641111314, -1.724247484932299, -5.1375093024376435)"
4,Nissan GT-R/Fahrwerk/Hinterrad links komplett/Lenkhalter links kompl,Nissan GT-R/Fahrwerk/Hinterrad links komplett/Lenkhalter links kompl/Lenkhalter,DirectPart,,Lenkhalter,Solid015,1,1,Lenkhalter,Solid015,"Placement [Pos=(0,0,0), Yaw-Pitch-Roll=(0,0,0)]",Solid015,Lenkhalter,13590.79494,7763.21934,79.0 x 60.0 x 10.0,"Vector (5.349294861341201, -2.3323628615073138, -5.000005080256981)"
4,Nissan GT-R/Fahrwerk/Hinterrad links komplett/Lenkhalter links kompl,Nissan GT-R/Fahrwerk/Hinterrad links komplett/Lenkhalter links kompl/M4x018,Occurrence(Link),,M4x16,Solid007,8,8,M4x018,Link010,"Placement [Pos=(0,0,0), Yaw-Pitch-Roll=(0,0,0)]",Solid007,M4x16,330.8917903,384.2333451,20.0 x 7.0 x 7.0,"Vector (4.045039047131141, 1.610517599394883e-17, 4.742894089675306e-17)"
4,Nissan GT-R/Fahrwerk/Hinterrad links komplett/Lenkhalter links kompl,Nissan GT-R/Fahrwerk/Hinterrad links komplett/Lenkhalter links kompl/BÃ¼chse001,Occurrence(Link),,BÃ¼chse,Solid016,2,2,BÃ¼chse001,Link011,"Placement [Pos=(0,0,0), Yaw-Pitch-Roll=(0,0,0)]",Solid016,BÃ¼chse,236.3734313,388.3858246,7.984213827426173 x 8.2 x 8.0,"Vector (4.0581239954877407e-16, 4.100000000000001, 7.966246123846256e-17)"
4,Nissan GT-R/Fahrwerk/Hinterrad links komplett/Lenkhalter links kompl,Nissan GT-R/Fahrwerk/Hinterrad links komplett/Lenkhalter links kompl/M5x017,Occurrence(Link),,M5x16,Solid017,2,2,M5x017,Link012,"Placement [Pos=(0,0,0), Yaw-Pitch-Roll=(0,0,0)]",Solid017,M5x16,548.2507296,531.080465,8.486812386332247 x 21.00000000000003 x 8.486812386332304,"Vector (3.9242994429763205, 117.23900952949309, -716.314518603178)"
4,Nissan GT-R/Fahrwerk/Hinterrad links komplett/Lenkhalter links kompl,Nissan GT-R/Fahrwerk/Hinterrad links komplett/Lenkhalter links kompl/U-Scheibe001,Occurrence(Link),,U-Scheibe,Solid018,2,2,U-Scheibe001,Link013,"Placement [Pos=(0,0,0), Yaw-Pitch-Roll=(0,0,0)]",Solid018,U-Scheibe,288.4400935,408.9693582,15.0 x 2.0 x 15.0,"Vector (4.926795905064991e-16, 0.9482645948300898, 1.8907400395237305e-16)"
3,Nissan GT-R/Fahrwerk/Hinterrad links komplett,Nissan GT-R/Fahrwerk/Hinterrad links komplett/Nabe Kompl,Occurrence(Link),,Nabe Kompl,LinkGroup002,1,1,Nabe Kompl,LinkGroup002,"Placement [Pos=(0,2.77556e-14,29.3), Yaw-Pitch-Roll=(0,0,0)]",LinkGroup002,Nabe Kompl,73612.67526,45375.99006,79.99999999999999 x 73.12122512670847 x 62.30000000000001,"Vector (-11.044449858887615, 0.004805503567653533, 9.067829804197343)"
4,Nissan GT-R/Fahrwerk/Hinterrad links komplett/Nabe Kompl,Nissan GT-R/Fahrwerk/Hinterrad links komplett/Nabe Kompl/Nabe,DirectPart,,Nabe,Solid019,1,1,Nabe,Solid019,"Placement [Pos=(0,-2.77556e-14,0), Yaw-Pitch-Roll=(0,0,0)]",Solid019,Nabe,38053.75625,16275.636,58.0 x 58.0 x 46.30000000000001,"Vector (-0.023623107334364776, -2.7564373528627232e-14, -27.0574790022467)"
4,Nissan GT-R/Fahrwerk/Hinterrad links komplett/Nabe Kompl,Nissan GT-R/Fahrwerk/Hinterrad links komplett/Nabe Kompl/Bremshalter,DirectPart,,Bremshalter,Solid020,1,1,Bremshalter,Solid020,"Placement [Pos=(1.11022e-13,-2.77556e-14,-18), Yaw-Pitch-Roll=(0,0,0)]",Solid020,Bremshalter,6475.161194,5494.722405,77.0 x 73.12122512433469 x 4.0,"Vector (-23.22353135077776, -5.854116025223495e-10, -15.99999999999999)"
4,Nissan GT-R/Fahrwerk/Hinterrad links komplett/Nabe Kompl,Nissan GT-R/Fahrwerk/Hinterrad links komplett/Nabe Kompl/Kugellager001,Occurrence(Link),,Kugellager,Solid021,2,2,Kugellager001,Link014,"Placement [Pos=(0,0,0), Yaw-Pitch-Roll=(0,0,0)]",Solid021,Kugellager,3938.488946,3713.765813,9.000000000000005 x 32.0 x 32.0,"Vector (-9.71474649635587e-07, -4.6065260694573533e-07, -3.23122770576917e-08)"
4,Nissan GT-R/Fahrwerk/Hinterrad links komplett/Nabe Kompl,Nissan GT-R/Fahrwerk/Hinterrad links komplett/Nabe Kompl/HÃ¼lse,DirectPart,,HÃ¼lse,Solid022,1,1,HÃ¼lse,Solid022,"Placement [Pos=(1.11022e-13,-2.77556e-14,-17), Yaw-Pitch-Roll=(-3.081,0,0)]",Solid022,HÃ¼lse,2914.876478,2587.432247,20.170801933689475 x 20.199171271298585 x 21.0,"Vector (1.1137953138202602e-13, -2.857096709754356e-14, -27.500000000000014)"
4,Nissan GT-R/Fahrwerk/Hinterrad links komplett/Nabe Kompl,Nissan GT-R/Fahrwerk/Hinterrad links komplett/Nabe Kompl/Sicherungsring,DirectPart,,Sicherungsring,Solid023,1,1,Sicherungsring,Solid023,"Placement [Pos=(1.11022e-13,-2.77556e-14,-47), Yaw-Pitch-Roll=(0,0,0)]",Solid023,Sicherungsring,351.4137798,830.4185344,33.699999999999996 x 33.104223318803065 x 1.2000000000000028,"Vector (1.064665858296279e-13, 1.0067035774447517, -47.59999999999999)"
4,Nissan GT-R/Fahrwerk/Hinterrad links komplett/Nabe Kompl,Nissan GT-R/Fahrwerk/Hinterrad links komplett/Nabe Kompl/Kolben,DirectPart,,Kolben,Solid024,1,1,Kolben,Solid024,"Placement [Pos=(0,-5.55112e-14,-6), Yaw-Pitch-Roll=(0,0,0)]",Solid024,Kolben,16344.54825,10255.31321,25.344100909413548 x 73.12122512670847 x 25.0,"Vector (-38.08238917277605, -1.2515389855601074e-06, -2.02718683881042)"
4,Nissan GT-R/Fahrwerk/Hinterrad links komplett/Nabe Kompl,Nissan GT-R/Fahrwerk/Hinterrad links komplett/Nabe Kompl/M3x017,Occurrence(Link),,M3x16,Solid025,6,6,M3x017,Link015,"Placement [Pos=(0,0,0), Yaw-Pitch-Roll=(0,0,0)]",Solid025,M3x16,170.7897156,261.9933782,19.0 x 5.481214711536685 x 5.5,"Vector (4.755287903637331, 1.716138922843308e-16, -2.4039528905053452e-17)"
4,Nissan GT-R/Fahrwerk/Hinterrad links komplett/Nabe Kompl,Nissan GT-R/Fahrwerk/Hinterrad links komplett/Nabe Kompl/M3x018,Occurrence(Link),,M3x8,Solid026,5,5,M3x018,Link016,"Placement [Pos=(0,0,0), Yaw-Pitch-Roll=(0,0,0)]",Solid026,M3x8,114.2410478,186.5951545,11.0 x 5.5 x 5.5,"Vector (1.2173028061271887, 3.887299866412144e-18, -1.796369953065337e-17)"
3,Nissan GT-R/Fahrwerk/Hinterrad links komplett,Nissan GT-R/Fahrwerk/Hinterrad links komplett/Achse links Kompl,Occurrence(Link),,Achse links Kompl,LinkGroup005,1,1,Achse links Kompl,LinkGroup005,"Placement [Pos=(1.11022e-13,2.77556e-14,33.3), Yaw-Pitch-Roll=(-141.866,-0,0)]",LinkGroup005,Achse links Kompl,36682.84481,39859.3625,84.97605144337874 x 84.9691746939346 x 79.5,"Vector (2.7675701438159454e-14, 3.017364268778505e-14, 21.532907713684132)"
4,Nissan GT-R/Fahrwerk/Hinterrad links komplett/Achse links Kompl,Nissan GT-R/Fahrwerk/Hinterrad links komplett/Achse links Kompl/Achse,DirectPart,,Achse,Solid027,1,1,Achse,Solid027,"Placement [Pos=(1.11022e-13,-5.55112e-14,0), Yaw-Pitch-Roll=(0,0,0)]",Solid027,Achse,11082.97716,4995.022935,35.0 x 34.902132901341304 x 79.5,"Vector (1.1093502302866651e-13, -5.5839400469364924e-14, -18.008092932078437)"
4,Nissan GT-R/Fahrwerk/Hinterrad links komplett/Achse links Kompl,Nissan GT-R/Fahrwerk/Hinterrad links komplett/Achse links Kompl/BS links,Occurrence(Link),,BS links,LinkGroup003,1,1,BS links,LinkGroup003,"Placement [Pos=(1.11022e-13,-1.11022e-13,-13.5), Yaw-Pitch-Roll=(120,0,180)]",LinkGroup003,BS links,20472.96502,27517.93692,84.99999545001066 x 84.99999545001067 x 7.000000000000005,"Vector (2.9498518115276657e-14, -4.92749220241878e-14, -10.000000000000007)"
5,Nissan GT-R/Fahrwerk/Hinterrad links komplett/Achse links Kompl/BS links,Nissan GT-R/Fahrwerk/Hinterrad links komplett/Achse links Kompl/BS links/BS VT links001,Occurrence(Link),,BS VT links,Solid028,2,2,BS VT links001,Link017,"Placement [Pos=(0,0,0), Yaw-Pitch-Roll=(0,0,0)]",Solid028,BS VT links,5756.088892,9014.988615,85.00000000000001 x 84.89090310953951 x 1.5,"Vector (-6.616487575662584e-16, -8.117541473424841e-15, -0.7499999999999993)"
5,Nissan GT-R/Fahrwerk/Hinterrad links komplett/Achse links Kompl/BS links,Nissan GT-R/Fahrwerk/Hinterrad links komplett/Achse links Kompl/BS links/BS MT,DirectPart,,BS MT,Solid029,1,1,BS MT,Solid029,"Placement [Pos=(1.11022e-13,0,-5.5), Yaw-Pitch-Roll=(0,0,0)]",Solid029,BS MT,8960.787232,9487.959692,84.99999772500533 x 84.99999545001066 x 4.0,"Vector (1.4428800566235315e-13, -9.198182616278485e-14, -3.500000000000005)"
4,Nissan GT-R/Fahrwerk/Hinterrad links komplett/Achse links Kompl,Nissan GT-R/Fahrwerk/Hinterrad links komplett/Achse links Kompl/KT kompl,Occurrence(Link),,KT kompl,LinkGroup004,1,1,KT kompl,LinkGroup004,"Placement [Pos=(1.11022e-13,-5.55112e-14,-6.5), Yaw-Pitch-Roll=(0,0,0)]",LinkGroup004,KT kompl,5126.902639,7346.402643,60.0 x 59.92299043026317 x 12.000000000000028,"Vector (1.0950059291590709e-13, -5.756517170628396e-14, -5.3321643487072174)"
5,Nissan GT-R/Fahrwerk/Hinterrad links komplett/Achse links Kompl/KT kompl,Nissan GT-R/Fahrwerk/Hinterrad links komplett/Achse links Kompl/KT kompl/KT,DirectPart,,KT,Solid030,1,1,KT,Solid030,"Placement [Pos=(0,0,0), Yaw-Pitch-Roll=(0,0,0)]",Solid030,KT,4514.566868,5989.196296,60.0 x 59.92299043026317 x 3.0,"Vector (1.747016844964692e-16, 3.0218669750740615e-15, 1.483637081306345)"
5,Nissan GT-R/Fahrwerk/Hinterrad links komplett/Achse links Kompl/KT kompl,Nissan GT-R/Fahrwerk/Hinterrad links komplett/Achse links Kompl/KT kompl/M2x009,Occurrence(Link),,M2x8,Solid031,12,12,M2x009,Link018,"Placement [Pos=(0,0,0), Yaw-Pitch-Roll=(0,0,0)]",Solid031,M2x8,51.02798086,113.1005289,12.0 x 3.787021073425345 x 3.8,"Vector (2.6604730021945393, 1.6589820760347183e-17, -4.5121753338163293e-17)"
3,Nissan GT-R/Fahrwerk/Hinterrad links komplett,Nissan GT-R/Fahrwerk/Hinterrad links komplett/Hinterrad links,Occurrence(Link),,Hinterrad links,LinkGroup006,1,1,Hinterrad links,LinkGroup006,"Placement [Pos=(1.11022e-13,2.77556e-14,29.8), Yaw-Pitch-Roll=(38.1343,0,0)]",LinkGroup006,Hinterrad links,279389.7696,174626.2304,146.799492080572 x 146.79704034765558 x 77.00000000002149,"Vector (9.682390460022648e-06, 3.980466859452383e-06, 24.508219757704193)"
4,Nissan GT-R/Fahrwerk/Hinterrad links komplett/Hinterrad links,Nissan GT-R/Fahrwerk/Hinterrad links komplett/Hinterrad links/Felge Hinten,DirectPart,,Felge Hinten,Solid032,1,1,Felge Hinten,Solid032,"Placement [Pos=(-1.11022e-13,5.55112e-14,0), Yaw-Pitch-Roll=(0,0,0)]",Solid032,Felge Hinten,76285.46326,74931.18547,123.99006155073081 x 123.78028999065127 x 76.99937836400163,"Vector (2.6712750757202123e-06, -5.2024641408547635e-06, 5.9122900614157485)"
4,Nissan GT-R/Fahrwerk/Hinterrad links komplett/Hinterrad links,Nissan GT-R/Fahrwerk/Hinterrad links komplett/Hinterrad links/Pneu Hinten,DirectPart,,Pneu Hinten,Solid033,1,1,Pneu Hinten,Solid033,"Placement [Pos=(-1.11022e-13,1.11022e-13,-9.5), Yaw-Pitch-Roll=(-79.5686,-0,180)]",Solid033,Pneu Hinten,203104.4166,99695.0449,146.79998485059386 x 146.79858377881618 x 77.00000000002149,"Vector (1.2854166569868375e-05, -1.9637350875370683e-06, -9.499998399030458)"
3,Nissan GT-R/Fahrwerk/Hinterrad links komplett,Nissan GT-R/Fahrwerk/Hinterrad links komplett/Haltering,DirectPart,,Haltering,Solid034,1,1,Haltering,Solid034,"Placement [Pos=(7.88861e-31,2.77556e-14,19.8), Yaw-Pitch-Roll=(38.1343,0,0)]",Solid034,Haltering,743.1399723,1597.432006,57.94431693808689 x 57.99863991487585 x 1.5,"Vector (-6.406109894597072e-15, 2.056543436079758e-14, 19.05000000000001)"
3,Nissan GT-R/Fahrwerk/Hinterrad links komplett,Nissan GT-R/Fahrwerk/Hinterrad links komplett/SI-Mutter M8,DirectPart,,SI-Mutter M8,Solid035,1,1,SI-Mutter M8,Solid035,"Placement [Pos=(0,2.77556e-14,41.8), Yaw-Pitch-Roll=(0,0,0)]",Solid035,SI-Mutter M8,1019.86884,1062.674043,15.0 x 15.0 x 12.0,"Vector (1.3064793016317646e-10, -1.51614543292725e-09, 46.815340693295965)"
3,Nissan GT-R/Fahrwerk/Hinterrad links komplett,Nissan GT-R/Fahrwerk/Hinterrad links komplett/Scheibe,DirectPart,,Scheibe,Solid036,1,1,Scheibe,Solid036,"Placement [Pos=(1.11022e-13,2.77556e-14,-17.7), Yaw-Pitch-Roll=(0,0,0)]",Solid036,Scheibe,388.1123564,651.3149889,20.0 x 20.0 x 1.5,"Vector (1.1086344074405824e-13, 2.6876808146572024e-14, -18.449999999999992)"
3,Nissan GT-R/Fahrwerk/Hinterrad links komplett,Nissan GT-R/Fahrwerk/Hinterrad links komplett/6Kant Mutter M8-CH,DirectPart,,6Kant Mutter M8-CH,Solid037,1,1,6Kant Mutter M8-CH,Solid037,"Placement [Pos=(0,2.77556e-14,-26), Yaw-Pitch-Roll=(0,0,0)]",Solid037,6Kant Mutter M8-CH,743.5447536,641.9681687,13.000000000000002 x 15.011106998930273 x 6.800000000000001,"Vector (3.4217261394025578e-06, 1.4929507245076668e-06, -22.59999896673906)"
2,Nissan GT-R/Fahrwerk,Nissan GT-R/Fahrwerk/Hinterrad rechts komplett,Occurrence(Link),,Hinterrad rechts komplett,LinkGroup011,1,1,Hinterrad rechts komplett,LinkGroup011,"Placement [Pos=(-140.076,126.169,-671.315), Yaw-Pitch-Roll=(0,90,180)]",LinkGroup011,Hinterrad rechts komplett,410963.9769,277308.9295,85.50000000001208 x 146.7999264266305 x 146.79335852644988,"Vector (-159.80498468010362, 126.09141174883085, -669.5131189848639)"
3,Nissan GT-R/Fahrwerk/Hinterrad rechts komplett,Nissan GT-R/Fahrwerk/Hinterrad rechts komplett/Lenkhalter rechts kompl,Occurrence(Link),,Lenkhalter rechts kompl,LinkGroup008,1,1,Lenkhalter rechts kompl,LinkGroup008,"Placement [Pos=(0,0,-10), Yaw-Pitch-Roll=(0,0,180)]",LinkGroup008,Lenkhalter rechts kompl,18384.05075,13493.9574,79.0 x 90.4 x 20.00000000000003,"Vector (3.9545768641111243, 1.7242474849323064, -5.1375017910675655)"
4,Nissan GT-R/Fahrwerk/Hinterrad rechts komplett/Lenkhalter rechts kompl,Nissan GT-R/Fahrwerk/Hinterrad rechts komplett/Lenkhalter rechts kompl/Lenkhalter001,Occurrence(Link),,Lenkhalter,Solid015,1,1,Lenkhalter001,Link019,"Placement [Pos=(0,0,0), Yaw-Pitch-Roll=(0,0,0)]",Solid015,Lenkhalter,13590.79494,7763.21934,79.0 x 60.0 x 10.0,"Vector (5.349294861341201, -2.3323628615073138, -5.000005080256981)"
4,Nissan GT-R/Fahrwerk/Hinterrad rechts komplett/Lenkhalter rechts kompl,Nissan GT-R/Fahrwerk/Hinterrad rechts komplett/Lenkhalter rechts kompl/M4x019,Occurrence(Link),,M4x16,Solid007,8,8,M4x019,Link020,"Placement [Pos=(0,0,0), Yaw-Pitch-Roll=(0,0,0)]",Solid007,M4x16,330.8917903,384.2333451,20.0 x 7.0 x 7.0,"Vector (4.045039047131141, 1.610517599394883e-17, 4.742894089675306e-17)"
4,Nissan GT-R/Fahrwerk/Hinterrad rechts komplett/Lenkhalter rechts kompl,Nissan GT-R/Fahrwerk/Hinterrad rechts komplett/Lenkhalter rechts kompl/BÃ¼chse002,Occurrence(Link),,BÃ¼chse,Solid016,4,4,BÃ¼chse002,Link021,"Placement [Pos=(0,0,0), Yaw-Pitch-Roll=(0,0,0)]",Solid016,BÃ¼chse,236.3734313,388.3858246,7.984213827426173 x 8.2 x 8.0,"Vector (4.0581239954877407e-16, 4.100000000000001, 7.966246123846256e-17)"
4,Nissan GT-R/Fahrwerk/Hinterrad rechts komplett/Lenkhalter rechts kompl,Nissan GT-R/Fahrwerk/Hinterrad rechts komplett/Lenkhalter rechts kompl/M5x018,Occurrence(Link),,M5x16,Solid017,2,2,M5x018,Link022,"Placement [Pos=(0,0,0), Yaw-Pitch-Roll=(0,0,0)]",Solid017,M5x16,548.2507296,531.080465,8.486812386332247 x 21.00000000000003 x 8.486812386332304,"Vector (3.9242994429763205, 117.23900952949309, -716.314518603178)"
4,Nissan GT-R/Fahrwerk/Hinterrad rechts komplett/Lenkhalter rechts kompl,Nissan GT-R/Fahrwerk/Hinterrad rechts komplett/Lenkhalter rechts kompl/U-Scheibe002,Occurrence(Link),,U-Scheibe,Solid018,2,2,U-Scheibe002,Link023,"Placement [Pos=(0,0,0), Yaw-Pitch-Roll=(0,0,0)]",Solid018,U-Scheibe,288.4400935,408.9693582,15.0 x 2.0 x 15.0,"Vector (4.926795905064991e-16, 0.9482645948300898, 1.8907400395237305e-16)"
3,Nissan GT-R/Fahrwerk/Hinterrad rechts komplett,Nissan GT-R/Fahrwerk/Hinterrad rechts komplett/Nabe Kompl001,Occurrence(Link),,Nabe Kompl,LinkGroup002,1,1,Nabe Kompl001,Link029,"Placement [Pos=(0,-2.77556e-14,29.3), Yaw-Pitch-Roll=(0,0,0)]",LinkGroup002,Nabe Kompl,73612.67526,45375.99006,79.99999999999999 x 73.12122512670847 x 62.30000000000001,"Vector (-11.044449858887615, 0.004805503567653533, 9.067829804197343)"
3,Nissan GT-R/Fahrwerk/Hinterrad rechts komplett,Nissan GT-R/Fahrwerk/Hinterrad rechts komplett/Achse rechts Kompl,Occurrence(Link),,Achse rechts Kompl,LinkGroup009,1,1,Achse rechts Kompl,LinkGroup009,"Placement [Pos=(3.9443e-32,-2.77556e-14,33.3), Yaw-Pitch-Roll=(-1.79025,0,0)]",LinkGroup009,Achse rechts Kompl,36682.84481,39859.3625,84.99254556922041 x 84.99254556922041 x 79.5,"Vector (1.2875225205101416e-13, -1.1497967786738139e-14, 21.532907713684107)"
4,Nissan GT-R/Fahrwerk/Hinterrad rechts komplett/Achse rechts Kompl,Nissan GT-R/Fahrwerk/Hinterrad rechts komplett/Achse rechts Kompl/Achse001,Occurrence(Link),,Achse,Solid027,1,1,Achse001,Link024,"Placement [Pos=(0,2.77556e-14,0), Yaw-Pitch-Roll=(0,0,0)]",Solid027,Achse,11082.97716,4995.022935,35.0 x 34.902132901341304 x 79.5,"Vector (1.1093502302866651e-13, -5.5839400469364924e-14, -18.008092932078437)"
4,Nissan GT-R/Fahrwerk/Hinterrad rechts komplett/Achse rechts Kompl,Nissan GT-R/Fahrwerk/Hinterrad rechts komplett/Achse rechts Kompl/BS links001,Occurrence(Link),,BS links,LinkGroup003,1,1,BS links001,Link025,"Placement [Pos=(1.11022e-13,5.55112e-14,-6.5), Yaw-Pitch-Roll=(0,0,0)]",LinkGroup003,BS links,20472.96502,27517.93692,84.99999545001066 x 84.99999545001067 x 7.000000000000005,"Vector (2.9498518115276657e-14, -4.92749220241878e-14, -10.000000000000007)"
4,Nissan GT-R/Fahrwerk/Hinterrad rechts komplett/Achse rechts Kompl,Nissan GT-R/Fahrwerk/Hinterrad rechts komplett/Achse rechts Kompl/KT kompl001,Occurrence(Link),,KT kompl,LinkGroup004,1,1,KT kompl001,Link026,"Placement [Pos=(1.11022e-13,2.77556e-14,-6.5), Yaw-Pitch-Roll=(0,0,0)]",LinkGroup004,KT kompl,5126.902639,7346.402643,60.0 x 59.92299043026317 x 12.000000000000028,"Vector (1.0950059291590709e-13, -5.756517170628396e-14, -5.3321643487072174)"
3,Nissan GT-R/Fahrwerk/Hinterrad rechts komplett,Nissan GT-R/Fahrwerk/Hinterrad rechts komplett/Haltering001,Occurrence(Link),,Haltering,Solid034,1,1,Haltering001,Link030,"Placement [Pos=(1.11022e-13,2.08175e-30,19.8), Yaw-Pitch-Roll=(28.2097,0,0)]",Solid034,Haltering,743.1399723,1597.432006,57.94431693808689 x 57.99863991487585 x 1.5,"Vector (-6.406109894597072e-15, 2.056543436079758e-14, 19.05000000000001)"
3,Nissan GT-R/Fahrwerk/Hinterrad rechts komplett,Nissan GT-R/Fahrwerk/Hinterrad rechts komplett/Hinterrad rechts,Occurrence(Link),,Hinterrad rechts,LinkGroup010,1,1,Hinterrad rechts,LinkGroup010,"Placement [Pos=(-5.91646e-32,-2.77556e-14,29.3), Yaw-Pitch-Roll=(-1.79025,0,0)]",LinkGroup010,Hinterrad rechts,279389.7726,174626.2304,146.79335852644965 x 146.79992642663052 x 77.00000000002149,"Vector (-9.555962250685175e-07, -1.0752037482032526e-05, 24.008217430032396)"
4,Nissan GT-R/Fahrwerk/Hinterrad rechts komplett/Hinterrad rechts,Nissan GT-R/Fahrwerk/Hinterrad rechts komplett/Hinterrad rechts/Felge Hinten001,Occurrence(Link),,Felge Hinten,Solid032,1,1,Felge Hinten001,Link027,"Placement [Pos=(0,2.77556e-14,0), Yaw-Pitch-Roll=(0,0,0)]",Solid032,Felge Hinten,76285.46326,74931.18547,123.99006155073081 x 123.78028999065127 x 76.99937836400163,"Vector (2.6712750757202123e-06, -5.2024641408547635e-06, 5.9122900614157485)"
4,Nissan GT-R/Fahrwerk/Hinterrad rechts komplett/Hinterrad rechts,Nissan GT-R/Fahrwerk/Hinterrad rechts komplett/Hinterrad rechts/Pneu Hinten001,Occurrence(Link),,Pneu Hinten,Solid033,1,1,Pneu Hinten001,Link028,"Placement [Pos=(-1.11022e-13,2.77556e-14,-9.5), Yaw-Pitch-Roll=(-27.3195,0,0)]",Solid033,Pneu Hinten,203104.4166,99695.0449,146.79998485059386 x 146.79858377881618 x 77.00000000002149,"Vector (1.2854166569868375e-05, -1.9637350875370683e-06, -9.499998399030458)"
3,Nissan GT-R/Fahrwerk/Hinterrad rechts komplett,Nissan GT-R/Fahrwerk/Hinterrad rechts komplett/SI-Mutter M009,Occurrence(Link),,SI-Mutter M8,Solid035,1,1,SI-Mutter M009,Link031,"Placement [Pos=(0,-2.77556e-14,41.3), Yaw-Pitch-Roll=(0,0,0)]",Solid035,SI-Mutter M8,1019.86884,1062.674043,15.0 x 15.0 x 12.0,"Vector (1.3064793016317646e-10, -1.51614543292725e-09, 46.815340693295965)"
3,Nissan GT-R/Fahrwerk/Hinterrad rechts komplett,Nissan GT-R/Fahrwerk/Hinterrad rechts komplett/Scheibe001,Occurrence(Link),,Scheibe,Solid036,1,1,Scheibe001,Link032,"Placement [Pos=(0,0,-17.7), Yaw-Pitch-Roll=(0,0,0)]",Solid036,Scheibe,388.1123564,651.3149889,20.0 x 20.0 x 1.5,"Vector (1.1086344074405824e-13, 2.6876808146572024e-14, -18.449999999999992)"
3,Nissan GT-R/Fahrwerk/Hinterrad rechts komplett,Nissan GT-R/Fahrwerk/Hinterrad rechts komplett/6Kant Mutter M009,Occurrence(Link),,6Kant Mutter M8-CH,Solid037,1,1,6Kant Mutter M009,Link033,"Placement [Pos=(1.11022e-13,4.33384e-32,-26), Yaw-Pitch-Roll=(1.18639,0,0)]",Solid037,6Kant Mutter M8-CH,743.5447536,641.9681687,13.000000000000002 x 15.011106998930273 x 6.800000000000001,"Vector (3.4217261394025578e-06, 1.4929507245076668e-06, -22.59999896673906)"
2,Nissan GT-R/Fahrwerk,Nissan GT-R/Fahrwerk/Vorderrad rechts komplett,Occurrence(Link),,Vorderrad rechts komplett,LinkGroup013,1,1,Vorderrad rechts komplett,LinkGroup013,"Placement [Pos=(-139.802,126.169,-89.6815), Yaw-Pitch-Roll=(-71.9133,-41.9385,63.9566)]",LinkGroup013,Vorderrad rechts komplett,358541.4127,239514.2892,105.08664570617117 x 146.79617245863196 x 154.676018696082,"Vector (-164.57190291345293, 126.08288420989834, -83.73437284911292)"
3,Nissan GT-R/Fahrwerk/Vorderrad rechts komplett,Nissan GT-R/Fahrwerk/Vorderrad rechts komplett/Lenkhalter rechts kompl001,Occurrence(Link),,Lenkhalter rechts kompl,LinkGroup008,1,1,Lenkhalter rechts kompl001,Link034,"Placement [Pos=(-1.97215e-31,3.9443e-31,-10), Yaw-Pitch-Roll=(-135,0,180)]",LinkGroup008,Lenkhalter rechts kompl,18384.05075,13493.9574,79.0 x 90.4 x 20.00000000000003,"Vector (3.9545768641111243, 1.7242474849323064, -5.1375017910675655)"
3,Nissan GT-R/Fahrwerk/Vorderrad rechts komplett,Nissan GT-R/Fahrwerk/Vorderrad rechts komplett/Nabe Kompl002,Occurrence(Link),,Nabe Kompl,LinkGroup002,1,1,Nabe Kompl002,Link035,"Placement [Pos=(5.91646e-31,1.38778e-14,29.3), Yaw-Pitch-Roll=(45,0,0)]",LinkGroup002,Nabe Kompl,73612.67526,45375.99006,79.99999999999999 x 73.12122512670847 x 62.30000000000001,"Vector (-11.044449858887615, 0.004805503567653533, 9.067829804197343)"
3,Nissan GT-R/Fahrwerk/Vorderrad rechts komplett,Nissan GT-R/Fahrwerk/Vorderrad rechts komplett/Achse rechts Kompl001,Occurrence(Link),,Achse rechts Kompl,LinkGroup009,1,1,Achse rechts Kompl001,Link036,"Placement [Pos=(2.77556e-14,2.08167e-14,33.3), Yaw-Pitch-Roll=(-15.0366,0,0)]",LinkGroup009,Achse rechts Kompl,36682.84481,39859.3625,84.99254556922041 x 84.99254556922041 x 79.5,"Vector (1.2875225205101416e-13, -1.1497967786738139e-14, 21.532907713684107)"
3,Nissan GT-R/Fahrwerk/Vorderrad rechts komplett,Nissan GT-R/Fahrwerk/Vorderrad rechts komplett/Vorderrad rechts,Occurrence(Link),,Vorderrad rechts,LinkGroup012,1,1,Vorderrad rechts,LinkGroup012,"Placement [Pos=(2.77556e-14,3.46945e-14,29.3), Yaw-Pitch-Roll=(-15.0366,0,0)]",LinkGroup012,Vorderrad rechts,226959.3963,136831.59,146.70913787407744 x 146.79992503400643 x 55.00000000000002,"Vector (0.0007186129541481051, 0.002754010825619935, 33.88272201319118)"
4,Nissan GT-R/Fahrwerk/Vorderrad rechts komplett/Vorderrad rechts,Nissan GT-R/Fahrwerk/Vorderrad rechts komplett/Vorderrad rechts/Felge Vorne,DirectPart,,Felge Vorne,Solid038,1,1,Felge Vorne,Solid038,"Placement [Pos=(0,0,0), Yaw-Pitch-Roll=(0,0,0)]",Solid038,Felge Vorne,68586.05129,59532.35492,123.9900615507308 x 123.9900615507308 x 54.999378364001615,"Vector (3.0076742655491613e-06, -5.836057087896641e-06, 11.701110020576028)"
4,Nissan GT-R/Fahrwerk/Vorderrad rechts komplett/Vorderrad rechts,Nissan GT-R/Fahrwerk/Vorderrad rechts komplett/Vorderrad rechts/Pneu Vorne,DirectPart,,Pneu Vorne,Solid039,1,1,Pneu Vorne,Solid039,"Placement [Pos=(1.2326e-32,-6.93889e-15,1.5), Yaw-Pitch-Roll=(0.639071,0,0)]",Solid039,Pneu Vorne,158376.6542,77299.23507,146.79976839840845 x 146.79893428495916 x 55.00000000000002,"Vector (-3.065563193271173e-05, 0.0040812190041012286, 1.5000572886922459)"
3,Nissan GT-R/Fahrwerk/Vorderrad rechts komplett,Nissan GT-R/Fahrwerk/Vorderrad rechts komplett/SI-Mutter M010,Occurrence(Link),,SI-Mutter M8,Solid035,1,1,SI-Mutter M010,Link037,"Placement [Pos=(2.77556e-14,2.08167e-14,41.3), Yaw-Pitch-Roll=(0,0,0)]",Solid035,SI-Mutter M8,1019.86884,1062.674043,15.0 x 15.0 x 12.0,"Vector (1.3064793016317646e-10, -1.51614543292725e-09, 46.815340693295965)"
3,Nissan GT-R/Fahrwerk/Vorderrad rechts komplett,Nissan GT-R/Fahrwerk/Vorderrad rechts komplett/Scheibe002,Occurrence(Link),,Scheibe,Solid036,1,1,Scheibe002,Link038,"Placement [Pos=(2.77556e-14,2.08167e-14,-17.7), Yaw-Pitch-Roll=(0,0,0)]",Solid036,Scheibe,388.1123564,651.3149889,20.0 x 20.0 x 1.5,"Vector (1.1086344074405824e-13, 2.6876808146572024e-14, -18.449999999999992)"
3,Nissan GT-R/Fahrwerk/Vorderrad rechts komplett,Nissan GT-R/Fahrwerk/Vorderrad rechts komplett/Haltering002,Occurrence(Link),,Haltering,Solid034,1,1,Haltering002,Link039,"Placement [Pos=(5.55112e-14,3.46945e-14,19.8), Yaw-Pitch-Roll=(-29.8787,0,0)]",Solid034,Haltering,743.1399723,1597.432006,57.94431693808689 x 57.99863991487585 x 1.5,"Vector (-6.406109894597072e-15, 2.056543436079758e-14, 19.05000000000001)"
3,Nissan GT-R/Fahrwerk/Vorderrad rechts komplett,Nissan GT-R/Fahrwerk/Vorderrad rechts komplett/6Kant Mutter M010,Occurrence(Link),,6Kant Mutter M8-CH,Solid037,1,1,6Kant Mutter M010,Link040,"Placement [Pos=(2.77556e-14,1.38778e-14,-26), Yaw-Pitch-Roll=(0,0,0)]",Solid037,6Kant Mutter M8-CH,743.5447536,641.9681687,13.000000000000002 x 15.011106998930273 x 6.800000000000001,"Vector (3.4217261394025578e-06, 1.4929507245076668e-06, -22.59999896673906)"
2,Nissan GT-R/Fahrwerk,Nissan GT-R/Fahrwerk/Vorderrad links Komplett,Occurrence(Link),,Vorderrad links Komplett,LinkGroup015,1,1,Vorderrad links Komplett,LinkGroup015,"Placement [Pos=(147.65,126.169,-92.9475), Yaw-Pitch-Roll=(-71.9133,-41.9385,-116.043)]",LinkGroup015,Vorderrad links Komplett,358532.1921,239514.2892,105.09414017259863 x 146.7635117204971 x 154.6733993492369,"Vector (170.80793640077727, 126.07969844729101, -103.56127988250007)"
3,Nissan GT-R/Fahrwerk/Vorderrad links Komplett,Nissan GT-R/Fahrwerk/Vorderrad links Komplett/Lenkhalter links kompl001,Occurrence(Link),,Lenkhalter links kompl,LinkGroup001,1,1,Lenkhalter links kompl001,Link043,"Placement [Pos=(0,0,0), Yaw-Pitch-Roll=(135,0,0)]",LinkGroup001,Lenkhalter links kompl,18384.05084,13493.9574,79.0 x 90.39999999999995 x 20.00000000000003,"Vector (3.9545768641111314, -1.724247484932299, -5.1375093024376435)"
3,Nissan GT-R/Fahrwerk/Vorderrad links Komplett,Nissan GT-R/Fahrwerk/Vorderrad links Komplett/Nabe Kompl003,Occurrence(Link),,Nabe Kompl,LinkGroup002,1,1,Nabe Kompl003,Link044,"Placement [Pos=(2.77556e-14,-1.38778e-14,29.3), Yaw-Pitch-Roll=(-45,0,0)]",LinkGroup002,Nabe Kompl,73612.67526,45375.99006,79.99999999999999 x 73.12122512670847 x 62.30000000000001,"Vector (-11.044449858887615, 0.004805503567653533, 9.067829804197343)"
3,Nissan GT-R/Fahrwerk/Vorderrad links Komplett,Nissan GT-R/Fahrwerk/Vorderrad links Komplett/Achse links Kompl001,Occurrence(Link),,Achse links Kompl,LinkGroup005,1,1,Achse links Kompl001,Link045,"Placement [Pos=(1.38778e-14,0,33.3), Yaw-Pitch-Roll=(-138.192,-0,0)]",LinkGroup005,Achse links Kompl,36682.84481,39859.3625,84.97605144337874 x 84.9691746939346 x 79.5,"Vector (2.7675701438159454e-14, 3.017364268778505e-14, 21.532907713684132)"
3,Nissan GT-R/Fahrwerk/Vorderrad links Komplett,Nissan GT-R/Fahrwerk/Vorderrad links Komplett/Vorderrad links,Occurrence(Link),,Vorderrad links,LinkGroup014,1,1,Vorderrad links,LinkGroup014,"Placement [Pos=(2.77556e-14,-2.77556e-14,29.3), Yaw-Pitch-Roll=(-138.192,-0,0)]",LinkGroup014,Vorderrad links,226965.8764,136831.59,146.79856824914742 x 146.79982993911696 x 55.000000000000014,"Vector (0.002320793564943786, -0.0016474334922636697, 33.88264206004312)"
4,Nissan GT-R/Fahrwerk/Vorderrad links Komplett/Vorderrad links,Nissan GT-R/Fahrwerk/Vorderrad links Komplett/Vorderrad links/Felge Vorne001,Occurrence(Link),,Felge Vorne,Solid038,1,1,Felge Vorne001,Link041,"Placement [Pos=(2.18953e-46,-2.77556e-14,2.77556e-14), Yaw-Pitch-Roll=(0,0,0)]",Solid038,Felge Vorne,68586.05129,59532.35492,123.9900615507308 x 123.9900615507308 x 54.999378364001615,"Vector (3.0076742655491613e-06, -5.836057087896641e-06, 11.701110020576028)"
4,Nissan GT-R/Fahrwerk/Vorderrad links Komplett/Vorderrad links,Nissan GT-R/Fahrwerk/Vorderrad links Komplett/Vorderrad links/Pneu Vorne001,Occurrence(Link),,Pneu Vorne,Solid039,1,1,Pneu Vorne001,Link042,"Placement [Pos=(-4.06756e-31,-1.38778e-14,1.5), Yaw-Pitch-Roll=(-167.376,0,180)]",Solid039,Pneu Vorne,158376.6542,77299.23507,146.79976839840845 x 146.79893428495916 x 55.00000000000002,"Vector (-3.065563193271173e-05, 0.0040812190041012286, 1.5000572886922459)"
3,Nissan GT-R/Fahrwerk/Vorderrad links Komplett,Nissan GT-R/Fahrwerk/Vorderrad links Komplett/SI-Mutter M011,Occurrence(Link),,SI-Mutter M8,Solid035,1,1,SI-Mutter M011,Link046,"Placement [Pos=(4.16334e-14,-1.38778e-14,41.3), Yaw-Pitch-Roll=(-24.5199,0,0)]",Solid035,SI-Mutter M8,1019.86884,1062.674043,15.0 x 15.0 x 12.0,"Vector (1.3064793016317646e-10, -1.51614543292725e-09, 46.815340693295965)"
3,Nissan GT-R/Fahrwerk/Vorderrad links Komplett,Nissan GT-R/Fahrwerk/Vorderrad links Komplett/Scheibe003,Occurrence(Link),,Scheibe,Solid036,1,1,Scheibe003,Link047,"Placement [Pos=(2.77556e-14,-1.38778e-14,-17.7), Yaw-Pitch-Roll=(0,0,0)]",Solid036,Scheibe,388.1123564,651.3149889,20.0 x 20.0 x 1.5,"Vector (1.1086344074405824e-13, 2.6876808146572024e-14, -18.449999999999992)"
3,Nissan GT-R/Fahrwerk/Vorderrad links Komplett,Nissan GT-R/Fahrwerk/Vorderrad links Komplett/Haltering003,Occurrence(Link),,Haltering,Solid034,1,1,Haltering003,Link048,"Placement [Pos=(2.77556e-14,-2.77556e-14,19.8), Yaw-Pitch-Roll=(0,0,0)]",Solid034,Haltering,743.1399723,1597.432006,57.94431693808689 x 57.99863991487585 x 1.5,"Vector (-6.406109894597072e-15, 2.056543436079758e-14, 19.05000000000001)"
3,Nissan GT-R/Fahrwerk/Vorderrad links Komplett,Nissan GT-R/Fahrwerk/Vorderrad links Komplett/6Kant Mutter M011,Occurrence(Link),,6Kant Mutter M8-CH,Solid037,1,1,6Kant Mutter M011,Link049,"Placement [Pos=(1.38778e-14,-2.08167e-14,-26), Yaw-Pitch-Roll=(0,0,0)]",Solid037,6Kant Mutter M8-CH,743.5447536,641.9681687,13.000000000000002 x 15.011106998930273 x 6.800000000000001,"Vector (3.4217261394025578e-06, 1.4929507245076668e-06, -22.59999896673906)"
2,Nissan GT-R/Fahrwerk,Nissan GT-R/Fahrwerk/Lenkstange komplett001,Occurrence(Link),,Lenkstange komplett,LinkGroup016,2,2,Lenkstange komplett001,Link053,"Placement [Pos=(0,0,0), Yaw-Pitch-Roll=(0,0,0)]",LinkGroup016,Lenkstange komplett,14604.17071,13471.562,292.99998932152295 x 14.999978643045809 x 21.0,"Vector (-5.480320336607076e-15, 7.735679265942019e-16, 3.5392949494118495)"
2,Nissan GT-R/Fahrwerk,Nissan GT-R/Fahrwerk/Heckdiffusor,DirectPart,,Heckdiffusor,Solid041,1,1,Heckdiffusor,Solid041,"Placement [Pos=(3.9243,66.6694,-671.315), Yaw-Pitch-Roll=(0,90,0)]",Solid041,Heckdiffusor,121566.2893,108850.0381,309.00000000000006 x 64.50000000000202 x 175.05408347023933,"Vector (3.9242991126895292, 77.74269789174976, -786.5189070956155)"
2,Nissan GT-R/Fahrwerk,Nissan GT-R/Fahrwerk/Senk_M4x018,Occurrence(Link),,Senk_M4x55,Solid042,10,10,Senk_M4x018,Link054,"Placement [Pos=(0,0,0), Yaw-Pitch-Roll=(0,0,0)]",Solid042,Senk_M4x55,719.8180365,804.3380944,55.0 x 7.956175162946186 x 8.0,"Vector (26.312622726516555, 5.922686288286479e-17, -1.0422289233862086e-16)"
2,Nissan GT-R/Fahrwerk,Nissan GT-R/Fahrwerk/Senk_M3x017,Occurrence(Link),,Senk_M3x16,Solid043,10,10,Senk_M3x017,Link055,"Placement [Pos=(0,0,0), Yaw-Pitch-Roll=(0,0,0)]",Solid043,Senk_M3x16,126.3182902,210.9030749,16.0 x 6.0 x 6.0,"Vector (7.164892188683819, -2.8564547744321338e-18, -7.831934715228852e-17)"
2,Nissan GT-R/Fahrwerk,Nissan GT-R/Fahrwerk/M5x16,DirectPart,,M5x16,Solid017,1,1,M5x16,Solid017,"Placement [Pos=(3.9243,120.769,-716.315), Yaw-Pitch-Roll=(-90,8.26944e-14,111.192)]",Solid017,M5x16,548.2507296,531.080465,8.486812386332247 x 21.00000000000003 x 8.486812386332304,"Vector (3.9242994429763205, 117.23900952949309, -716.314518603178)"
2,Nissan GT-R/Fahrwerk,Nissan GT-R/Fahrwerk/Sidepipes001,Occurrence(Link),,Sidepipes,Solid044,2,2,Sidepipes001,Link056,"Placement [Pos=(0,0,0), Yaw-Pitch-Roll=(0,0,0)]",Solid044,Sidepipes,53971.05938,34268.01811,276.2524246455639 x 28.917255802158238 x 53.66599920287003,"Vector (-90.79698693075495, -1.5020517090067077e-06, -0.2928782582902949)"
1,Nissan GT-R,Nissan GT-R/Innenraum,Occurrence(Link),,Innenraum,LinkGroup020,1,1,Innenraum,LinkGroup020,"Placement [Pos=(3.9243,200.669,-271.315), Yaw-Pitch-Roll=(0,90,0)]",LinkGroup020,Innenraum,734592.346,610657.6435,265.60000000000014 x 222.35217618360775 x 284.05440645858994,"Vector (8.288616690350707, 155.41053747530574, -354.8771269337129)"
2,Nissan GT-R/Innenraum,Nissan GT-R/Innenraum/Armaturenbrett 3,DirectPart,,Armaturenbrett 3,Solid045,1,1,Armaturenbrett 3,Solid045,"Placement [Pos=(0,0,0), Yaw-Pitch-Roll=(0,0,0)]",Solid045,Armaturenbrett 3,319280.6216,244476.855,284.05440645858994 x 140.6802408177387 x 265.60000000000014,"Vector (38.61755422922806, -21.849693828912727, 5.038142112845823)"
2,Nissan GT-R/Innenraum,Nissan GT-R/Innenraum/Schaltwippen,DirectPart,,Schaltwippen,Solid046,1,1,Schaltwippen,Solid046,"Placement [Pos=(77.8978,8.81493,70), Yaw-Pitch-Roll=(105,85.9328,90)]",Solid046,Schaltwippen,1893.036548,2252.065719,11.579638531894304 x 36.34054594061987 x 57.99138326005966,"Vector (77.68396659365239, 9.497363740780148, 70.04912706556284)"
2,Nissan GT-R/Innenraum,Nissan GT-R/Innenraum/Lenkrad,DirectPart,,Lenkrad,Solid047,1,1,Lenkrad,Solid047,"Placement [Pos=(85.2379,12.3307,70.1064), Yaw-Pitch-Roll=(105,85.9328,90)]",Solid047,Lenkrad,11338.0282,7000.088912,23.06617687308814 x 69.7179271581515 x 71.96933691648567,"Vector (85.8358272628293, 9.995774794632682, 69.93517395855054)"
2,Nissan GT-R/Innenraum,Nissan GT-R/Innenraum/Bolzen,DirectPart,,Bolzen,Solid048,1,1,Bolzen,Solid048,"Placement [Pos=(86.5911,11.1443,70), Yaw-Pitch-Roll=(105,85.9328,90)]",Solid048,Bolzen,1381.978008,2310.684415,40.96053803109757 x 21.070710534794507 x 9.974815409973061,"Vector (67.39923548926826, 6.087233041334327, 70.00586403542168)"
2,Nissan GT-R/Innenraum,Nissan GT-R/Innenraum/Blinkerhebel001,Occurrence(Link),,Blinkerhebel,Solid049,3,3,Blinkerhebel001,Link059,"Placement [Pos=(0,0,0), Yaw-Pitch-Roll=(0,0,0)]",Solid049,Blinkerhebel,500.6700313,845.7481831,24.5 x 8.0 x 8.0,"Vector (10.575911792058388, 2.725479120104243e-07, 1.7931555094913763e-07)"
2,Nissan GT-R/Innenraum,Nissan GT-R/Innenraum/LÃ¼fterdÃ¼se001,Occurrence(Link),,LÃ¼fterdÃ¼se,Solid050,5,5,LÃ¼fterdÃ¼se001,Link060,"Placement [Pos=(0,0,0), Yaw-Pitch-Roll=(0,0,0)]",Solid050,LÃ¼fterdÃ¼se,1515.921643,3751.60915,14.399999999999999 x 21.962779481967907 x 22.000000000000004,"Vector (1.5082021561314305, -9.53141953302523e-07, 2.3829238188697596e-06)"
2,Nissan GT-R/Innenraum,Nissan GT-R/Innenraum/Lautsprecher klein komplett001,Occurrence(Link),,Lautsprecher klein komplett,LinkGroup018,4,4,Lautsprecher klein komplett001,Link061,"Placement [Pos=(0,0,0), Yaw-Pitch-Roll=(0,0,0)]",LinkGroup018,Lautsprecher klein komplett,1323.864716,2833.367818,11.200000000000006 x 24.989423752055007 x 25.000000000000004,"Vector (1.4627119307300671, -6.667276477508273e-07, 7.34426674464745e-07)"
2,Nissan GT-R/Innenraum,Nissan GT-R/Innenraum/Basisplatte,DirectPart,,Basisplatte,Solid053,1,1,Basisplatte,Solid053,"Placement [Pos=(5.55112e-14,-84,-6.93889e-15), Yaw-Pitch-Roll=(180,0,180)]",Solid053,Basisplatte,246196.1605,159698.5568,266.00000000000006 x 76.0 x 248.00000000000003,"Vector (101.86919733099606, -89.60101115901938, -0.035170832219427156)"
2,Nissan GT-R/Innenraum,Nissan GT-R/Innenraum/Fusspedal001,Occurrence(Link),,Fusspedal,Solid054,2,2,Fusspedal001,Link062,"Placement [Pos=(0,0,0), Yaw-Pitch-Roll=(0,0,0)]",Solid054,Fusspedal,3120.641847,3449.958744,25.0 x 36.75753834583253 x 22.0,"Vector (-2.718378365411537, 2.6181800820389145, -4.4284150608528025e-07)"
2,Nissan GT-R/Innenraum,Nissan GT-R/Innenraum/Sitz komplett001,Occurrence(Link),,Sitz komplett,LinkGroup019,2,2,Sitz komplett001,Link063,"Placement [Pos=(0,0,0), Yaw-Pitch-Roll=(0,0,0)]",LinkGroup019,Sitz komplett,69424.18909,75261.81393,156.74637170624862 x 180.93059311667312 x 104.06706759053229,"Vector (-10.885507895258193, 49.51531144405474, 0.008720412695859579)"
2,Nissan GT-R/Innenraum,Nissan GT-R/Innenraum/Knopf001,Occurrence(Link),,Knopf,Solid059,5,5,Knopf001,Link064,"Placement [Pos=(0,0,0), Yaw-Pitch-Roll=(0,0,0)]",Solid059,Knopf,38.8450765,107.0297295,7.000000000000001 x 2.0 x 7.000000000000002,"Vector (2.2864633042003244e-16, 1.2769656208820641, 6.56842007790929e-17)"
2,Nissan GT-R/Innenraum,Nissan GT-R/Innenraum/Knopf klein001,Occurrence(Link),,Knopf klein,Solid060,4,4,Knopf klein001,Link065,"Placement [Pos=(0,0,0), Yaw-Pitch-Roll=(0,0,0)]",Solid060,Knopf klein,18.94763736,40.73501096,2.993006307571618 x 4.0 x 3.0,"Vector (7.20744980096354e-17, 2.4557282252892176, 4.0720233310580416e-17)"
2,Nissan GT-R/Innenraum,Nissan GT-R/Innenraum/M3x020,Occurrence(Link),,M3x8,Solid026,4,4,M3x020,Link066,"Placement [Pos=(0,0,0), Yaw-Pitch-Roll=(0,0,0)]",Solid026,M3x8,114.2410478,186.5951545,11.0 x 5.5 x 5.5,"Vector (1.2173028061271887, 3.887299866412144e-18, -1.796369953065337e-17)"
2,Nissan GT-R/Innenraum,Nissan GT-R/Innenraum/6Kant Mutter M013,Occurrence(Link),,6Kant Mutter M3,Solid058,4,4,6Kant Mutter M013,Link067,"Placement [Pos=(0,0,0), Yaw-Pitch-Roll=(0,0,0)]",Solid058,6Kant Mutter M3,50.36061943,102.2243016,5.5 x 6.350852961085883 x 2.4,"Vector (1.5986160472103108e-06, 7.080717089789204e-07, 1.199999444811951)"
2,Nissan GT-R/Innenraum,Nissan GT-R/Innenraum/Emblem klein,DirectPart,,Emblem klein,Solid061,1,1,Emblem klein,Solid061,"Placement [Pos=(90.1112,13.6365,70.1064), Yaw-Pitch-Roll=(105,86.9758,-180)]",Solid061,Emblem klein,29.48812222,115.2067594,2.77877596845056 x 8.064373417695391 x 9.662717596928928,"Vector (90.25521886425923, 13.675111473206346, 70.1063804989958)"
2,Nissan GT-R/Innenraum,Nissan GT-R/Innenraum/Drehknopf,DirectPart,,Drehknopf,Solid062,1,1,Drehknopf,Solid062,"Placement [Pos=(65.7368,-13.7631,-16.4938), Yaw-Pitch-Roll=(138.834,-87.3588,-180)]",Solid062,Drehknopf,259.466457,966.1708078,13.302524710106525 x 12.501207843411082 x 14.199995124587408,"Vector (67.12570039374968, -12.174656922025653, -16.49375973883288)"
2,Nissan GT-R/Innenraum,Nissan GT-R/Innenraum/Drehknopf 3,DirectPart,,Drehknopf 3,Solid063,1,1,Drehknopf 3,Solid063,"Placement [Pos=(65.7368,-13.7631,16.4938), Yaw-Pitch-Roll=(138.834,-89.9569,180)]",Solid063,Drehknopf 3,259.466457,966.1708078,13.313237648167181 x 12.510542634268303 x 14.185932482526006,"Vector (67.12570039437405, -12.174656922571588, 16.493759775416713)"
2,Nissan GT-R/Innenraum,Nissan GT-R/Innenraum/Drehknopf 2,DirectPart,,Drehknopf 2,Solid064,1,1,Drehknopf 2,Solid064,"Placement [Pos=(66.0784,-14.0617,3.55271e-14), Yaw-Pitch-Roll=(-41.1664,-89.5274,-3.43156e-11)]",Solid064,Drehknopf 2,259.466457,966.1708078,13.312897299505963 x 12.510246069166055 x 14.190270835782654,"Vector (67.46728393339473, -12.473336932809957, 1.7789867973978807e-08)"
1,Nissan GT-R,Nissan GT-R/Karosserie komplett,Occurrence(Link),,Karosserie komplett,LinkGroup030,1,1,Karosserie komplett,LinkGroup030,"Placement [Pos=(3.9243,126.169,-91.3145), Yaw-Pitch-Roll=(0,-90,0)]",LinkGroup030,Karosserie komplett,5489381.884,3721029.826,590.6509672537916 x 322.4243775386383 x 922.5200441117668,"Vector (3.741277468913986, 201.8109608265827, -432.4497503131165)"
3,Nissan GT-R/Karosserie komplett/Karosserie,Nissan GT-R/Karosserie komplett/Karosserie/Solid065,DirectPart,,Solid065,Solid065,1,1,Solid065,Solid065,"Placement [Pos=(0,0,0), Yaw-Pitch-Roll=(0,0,0)]",Solid065,Solid065,1114.924357,1098.861154,50.37608040000009 x 3.0 x 14.03214115999998,"Vector (-284.97782350113584, -9.499999999999996, 157.07192390072248)"
3,Nissan GT-R/Karosserie komplett/Karosserie,Nissan GT-R/Karosserie komplett/Karosserie/Solid066,DirectPart,,Solid066,Solid066,1,1,Solid066,Solid066,"Placement [Pos=(0,0,0), Yaw-Pitch-Roll=(0,0,0)]",Solid066,Solid066,1114.924357,1098.861154,50.37608040000009 x 3.0 x 14.03214115999998,"Vector (-284.97782350113584, -9.499999999999998, -157.07192390072248)"
3,Nissan GT-R/Karosserie komplett/Karosserie,Nissan GT-R/Karosserie komplett/Karosserie/Solid067,DirectPart,,Solid067,Solid067,1,1,Solid067,Solid067,"Placement [Pos=(0,0,0), Yaw-Pitch-Roll=(0,0,0)]",Solid067,Solid067,3965873.913,1995133.945,922.5200441117668 x 210.9709763032165 x 412.5830954939145,"Vector (-386.0432038015407, 65.76573841352459, 1.2245713151075295)"
2,Nissan GT-R/Karosserie komplett,Nissan GT-R/Karosserie komplett/Scheinwerfer links,Occurrence(Link),,Scheinwerfer links,LinkGroup021,1,1,Scheinwerfer links,LinkGroup021,"Placement [Pos=(133,40,104), Yaw-Pitch-Roll=(0,90,0)]",LinkGroup021,Scheinwerfer links,37354.63021,26741.1323,91.37013956966425 x 44.18416003433239 x 62.07407791874684,"Vector (95.87454139986153, 57.22102464874774, -140.26678277422937)"
3,Nissan GT-R/Karosserie komplett/Scheinwerfer links,Nissan GT-R/Karosserie komplett/Scheinwerfer links/GehÃ¤use links II,DirectPart,,GehÃ¤use links II,Solid068,1,1,GehÃ¤use links II,Solid068,"Placement [Pos=(5.55112e-14,0,-5.55112e-14), Yaw-Pitch-Roll=(0,0,0)]",Solid068,GehÃ¤use links II,25123.5274,12829.42417,62.07407791874684 x 44.18416003433239 x 81.37013956966425,"Vector (246.32067728712724, 18.829910721700312, -35.00010743398886)"
3,Nissan GT-R/Karosserie komplett/Scheinwerfer links,Nissan GT-R/Karosserie komplett/Scheinwerfer links/Lampe klein001,Occurrence(Link),,Lampe klein,Solid069,2,2,Lampe klein001,Link068,"Placement [Pos=(0,0,0), Yaw-Pitch-Roll=(0,0,0)]",Solid069,Lampe klein,1064.727246,2066.385382,35.0 x 9.999999098306876 x 10.0,"Vector (16.39107719437208, -4.341093472394553e-15, 1.0660871363797539e-15)"
3,Nissan GT-R/Karosserie komplett/Scheinwerfer links,Nissan GT-R/Karosserie komplett/Scheinwerfer links/Lampe001,Occurrence(Link),,Lampe,Solid070,2,2,Lampe001,Link069,"Placement [Pos=(0,0,0), Yaw-Pitch-Roll=(0,0,0)]",Solid070,Lampe,5050.765005,4889.468687,40.0 x 19.999999999999996 x 19.999999999999996,"Vector (18.190702231803154, 6.583834330090053e-15, -4.02345431283281e-16)"
2,Nissan GT-R/Karosserie komplett,Nissan GT-R/Karosserie komplett/Scheinwerfer rechts,Occurrence(Link),,Scheinwerfer rechts,LinkGroup022,1,1,Scheinwerfer rechts,LinkGroup022,"Placement [Pos=(133,40,104), Yaw-Pitch-Roll=(0,90,0)]",LinkGroup022,Scheinwerfer rechts,37355.06334,26741.16223,91.37013956966554 x 44.18904005852669 x 62.07524791889175,"Vector (95.87436723185051, 57.22103476584241, 140.26697490226476)"
3,Nissan GT-R/Karosserie komplett/Scheinwerfer rechts,Nissan GT-R/Karosserie komplett/Scheinwerfer rechts/GehÃ¤use rechts II,DirectPart,,GehÃ¤use rechts II,Solid071,1,1,GehÃ¤use rechts II,Solid071,"Placement [Pos=(5.55112e-14,0,-5.55112e-14), Yaw-Pitch-Roll=(0,0,0)]",Solid071,GehÃ¤use rechts II,25124.08365,12829.45409,62.07524791889177 x 44.189040058526686 x 81.3701395696655,"Vector (-38.32091747345234, 18.829890142626496, -35.00041344716625)"
3,Nissan GT-R/Karosserie komplett/Scheinwerfer rechts,Nissan GT-R/Karosserie komplett/Scheinwerfer rechts/Lampe klein002,Occurrence(Link),,Lampe klein,Solid069,2,2,Lampe klein002,Link070,"Placement [Pos=(0,0,0), Yaw-Pitch-Roll=(0,0,0)]",Solid069,Lampe klein,1064.727246,2066.385382,35.0 x 9.999999098306876 x 10.0,"Vector (16.39107719437208, -4.341093472394553e-15, 1.0660871363797539e-15)"
3,Nissan GT-R/Karosserie komplett/Scheinwerfer rechts,Nissan GT-R/Karosserie komplett/Scheinwerfer rechts/Lampe002,Occurrence(Link),,Lampe,Solid070,2,2,Lampe002,Link071,"Placement [Pos=(0,0,0), Yaw-Pitch-Roll=(0,0,0)]",Solid070,Lampe,5050.765005,4889.468687,40.0 x 19.999999999999996 x 19.999999999999996,"Vector (18.190702231803154, 6.583834330090053e-15, -4.02345431283281e-16)"
2,Nissan GT-R/Karosserie komplett,Nissan GT-R/Karosserie komplett/Heckspoiler,Occurrence(Link),,Heckspoiler,LinkGroup023,1,1,Heckspoiler,LinkGroup023,"Placement [Pos=(-753.882,195.789,209), Yaw-Pitch-Roll=(0,90,0)]",LinkGroup023,Heckspoiler,246806.4076,162479.879,115.28371386188485 x 88.82335317404454 x 423.0000000000002,"Vector (-697.4073152049237, 173.5100971351471, 0.0003701196909091672)"
3,Nissan GT-R/Karosserie komplett/Heckspoiler,Nissan GT-R/Karosserie komplett/Heckspoiler/HauptflÃ¼gel,DirectPart,,HauptflÃ¼gel,Solid072,1,1,HauptflÃ¼gel,Solid072,"Placement [Pos=(209,-17.4987,63.8349), Yaw-Pitch-Roll=(0,0,-5.4)]",Solid072,HauptflÃ¼gel,173677.6999,94373.95234,423.0 x 20.39696466341123 x 100.14093800919132,"Vector (208.99947403754786, -17.90599594890729, 62.060216756653865)"
3,Nissan GT-R/Karosserie komplett/Heckspoiler,Nissan GT-R/Karosserie komplett/Heckspoiler/OberflÃ¼gel,DirectPart,,OberflÃ¼gel,Solid073,1,1,OberflÃ¼gel,Solid073,"Placement [Pos=(209,25.0338,32.4337), Yaw-Pitch-Roll=(0,0,-18)]",Solid073,OberflÃ¼gel,15476.18058,22023.47059,423.0 x 13.06112022783924 x 21.609253577340333,"Vector (209.00000000223721, -8.795688803597713, 13.575805110202996)"
3,Nissan GT-R/Karosserie komplett/Heckspoiler,Nissan GT-R/Karosserie komplett/Heckspoiler/SeitenflÃ¼gel001,Occurrence(Link),,SeitenflÃ¼gel,Solid074,2,2,SeitenflÃ¼gel001,Link072,"Placement [Pos=(0,0,0), Yaw-Pitch-Roll=(0,0,0)]",Solid074,SeitenflÃ¼gel,17697.72851,15237.78182,2.5 x 73.2067621506942 x 115.28371386188472,"Vector (-1.7029015735703673e-16, -32.277436316510915, 53.301087823979735)"
3,Nissan GT-R/Karosserie komplett/Heckspoiler,Nissan GT-R/Karosserie komplett/Heckspoiler/Holmen001,Occurrence(Link),,Holmen,Solid075,2,2,Holmen001,Link073,"Placement [Pos=(0,0,0), Yaw-Pitch-Roll=(0,0,0)]",Solid075,Holmen,11128.53912,7803.446213,89.00000000000018 x 80.01663014000002 x 4.0,"Vector (-2.7601718055881563, 20.949664620235634, 2.0000000000000004)"
2,Nissan GT-R/Karosserie komplett,Nissan GT-R/Karosserie komplett/RÃ¼ckleuchte gross001,Occurrence(Link),,RÃ¼ckleuchte gross,LinkGroup024,2,2,RÃ¼ckleuchte gross001,Link085,"Placement [Pos=(0,0,0), Yaw-Pitch-Roll=(0,0,0)]",LinkGroup024,RÃ¼ckleuchte gross,7907.344592,8214.252082,35.99999999999999 x 35.99999999999999 x 15.000000000000004,"Vector (-1.1296294245626819e-13, 1.065367349166584e-13, 6.603917462397558)"
2,Nissan GT-R/Karosserie komplett,Nissan GT-R/Karosserie komplett/RÃ¼ckleuchte klein001,Occurrence(Link),,RÃ¼ckleuchte klein,LinkGroup025,2,2,RÃ¼ckleuchte klein001,Link086,"Placement [Pos=(0,0,0), Yaw-Pitch-Roll=(0,0,0)]",LinkGroup025,RÃ¼ckleuchte klein,5635.778552,6893.178801,31.0 x 31.0 x 15.000000000000012,"Vector (-1.2302499315668112e-14, 1.5837310950152934e-13, 6.544545593351875)"
2,Nissan GT-R/Karosserie komplett,Nissan GT-R/Karosserie komplett/Motorhaube,DirectPart,,Motorhaube,Solid080,1,1,Motorhaube,Solid080,"Placement [Pos=(17.8653,131.502,-8.67362e-16), Yaw-Pitch-Roll=(40.4448,0,0)]",Solid080,Motorhaube,224741.6865,253049.544,271.1587118485478 x 181.87568438459633 x 350.23452316651645,"Vector (-51.2204486151395, 188.0550168202175, 0.015232497449196188)"
2,Nissan GT-R/Karosserie komplett,Nissan GT-R/Karosserie komplett/Benzineinlass001,Occurrence(Link),,Benzineinlass,LinkGroup026,2,2,Benzineinlass001,Link087,"Placement [Pos=(0,0,0), Yaw-Pitch-Roll=(0,0,0)]",LinkGroup026,Benzineinlass,20170.08234,22378.11162,36.00000000000003 x 82.23974100949405 x 52.713799720856365,"Vector (-0.17139162642849298, -13.912694613559461, -18.546785088913317)"
2,Nissan GT-R/Karosserie komplett,Nissan GT-R/Karosserie komplett/Frontscheibe,DirectPart,,Frontscheibe,Solid085,1,1,Frontscheibe,Solid085,"Placement [Pos=(-0.845347,-1.81285,1.38778e-14), Yaw-Pitch-Roll=(0,0,0)]",Solid085,Frontscheibe,71310.84397,73512.15366,163.63994260293083 x 67.33031380821691 x 260.56373554732755,"Vector (-206.28603177224417, 143.27971893446636, 6.552006224176271e-06)"
2,Nissan GT-R/Karosserie komplett,Nissan GT-R/Karosserie komplett/Heckscheibe,DirectPart,,Heckscheibe,Solid086,1,1,Heckscheibe,Solid086,"Placement [Pos=(9.09514e-06,-3.39435e-05,0), Yaw-Pitch-Roll=(0,0,0)]",Solid086,Heckscheibe,65766.11493,67252.36616,182.89215445933297 x 47.30511507021001 x 180.0000000000001,"Vector (-565.3001609527233, 153.77950701411467, -5.186898014263489e-06)"
2,Nissan GT-R/Karosserie komplett,Nissan GT-R/Karosserie komplett/TÃ¼re links komplett,Occurrence(Link),,TÃ¼re links komplett,LinkGroup027,1,1,TÃ¼re links komplett,LinkGroup027,"Placement [Pos=(-159.065,0,84.6), Yaw-Pitch-Roll=(0,-43.7086,0)]",LinkGroup027,TÃ¼re links komplett,116613.2467,200101.1771,233.53349869757216 x 176.78057040622312 x 191.13479866614625,"Vector (-275.6846846509202, 90.35992568332624, -229.5710377722427)"
3,Nissan GT-R/Karosserie komplett/TÃ¼re links komplett,Nissan GT-R/Karosserie komplett/TÃ¼re links komplett/TÃ¼re links II,DirectPart,,TÃ¼re links II,Solid087,1,1,TÃ¼re links II,Solid087,"Placement [Pos=(5.55112e-14,0,-1.11022e-13), Yaw-Pitch-Roll=(0,0,0)]",Solid087,TÃ¼re links II,83781.26657,158266.4935,257.0296709905962 x 176.78057040622312 x 91.97365564106008,"Vector (-295.0145651849008, 75.73762901569954, -152.58825404807618)"
3,Nissan GT-R/Karosserie komplett/TÃ¼re links komplett,Nissan GT-R/Karosserie komplett/TÃ¼re links komplett/SSP links,DirectPart,,SSP links,Solid088,1,1,SSP links,Solid088,"Placement [Pos=(-217,118,-150.603), Yaw-Pitch-Roll=(0,-90,0)]",Solid088,SSP links,1693.373189,3615.203524,26.748214717587956 x 17.301733062564693 x 48.954693000633654,"Vector (-211.87663325814407, 118.51992747617989, -153.78640331287934)"
3,Nissan GT-R/Karosserie komplett/TÃ¼re links komplett,Nissan GT-R/Karosserie komplett/TÃ¼re links komplett/Seitenscheibe links,DirectPart,,Seitenscheibe links,Solid089,1,1,Seitenscheibe links,Solid089,"Placement [Pos=(-9.68702e-05,-0.000309778,0.000109384), Yaw-Pitch-Roll=(-2.50573e-05,-2.67256e-05,9.61634e-06)]",Solid089,Seitenscheibe links,25815.16906,27139.03919,221.34769561519258 x 63.65713005805313 x 51.36609745105308,"Vector (-334.8135587012434, 144.51853447856212, -125.07137384784124)"
3,Nissan GT-R/Karosserie komplett/TÃ¼re links komplett,Nissan GT-R/Karosserie komplett/TÃ¼re links komplett/M2x010,Occurrence(Link),,M2x8,Solid031,2,2,M2x010,Link076,"Placement [Pos=(0,0,0), Yaw-Pitch-Roll=(0,0,0)]",Solid031,M2x8,51.02798086,113.1005289,12.0 x 3.787021073425345 x 3.8,"Vector (2.6604730021945393, 1.6589820760347183e-17, -4.5121753338163293e-17)"
3,Nissan GT-R/Karosserie komplett/TÃ¼re links komplett,Nissan GT-R/Karosserie komplett/TÃ¼re links komplett/Lautsprecher mittel,DirectPart,,Lautsprecher mittel,Solid090,1,1,Lautsprecher mittel,Solid090,"Placement [Pos=(-235,35.5,-152), Yaw-Pitch-Roll=(0,-90,90)]",Solid090,Lautsprecher mittel,2172.052603,3589.187139,45.00000000000003 x 45.0 x 5.395528941459844,"Vector (-234.99999999999997, 35.500000000000675, -152.26236259147834)"
3,Nissan GT-R/Karosserie komplett/TÃ¼re links komplett,Nissan GT-R/Karosserie komplett/TÃ¼re links komplett/Lautsprecher klein001,Occurrence(Link),,Lautsprecher klein,Solid051,1,1,Lautsprecher klein001,Link077,"Placement [Pos=(-372.429,71.4041,-160), Yaw-Pitch-Roll=(0,-90,-30)]",Solid051,Lautsprecher klein,746.6562982,1279.303254,5.39552894145986 x 24.9633353462781 x 25.0,"Vector (0.16520482882169396, 5.5463569583754904e-14, 8.778813964289153e-16)"
3,Nissan GT-R/Karosserie komplett/TÃ¼re links komplett,Nissan GT-R/Karosserie komplett/TÃ¼re links komplett/Lautsprecher mittel Box,DirectPart,,Lautsprecher mittel Box,Solid091,1,1,Lautsprecher mittel Box,Solid091,"Placement [Pos=(-235,35.5,-150.5), Yaw-Pitch-Roll=(0,-90,30)]",Solid091,Lautsprecher mittel Box,1539.927691,3641.013858,45.0 x 45.0 x 8.0,"Vector (-234.99999142840463, 35.500001187786395, -148.0178034172824)"
3,Nissan GT-R/Karosserie komplett/TÃ¼re links komplett,Nissan GT-R/Karosserie komplett/TÃ¼re links komplett/Lautsprecher klein Box001,Occurrence(Link),,Lautsprecher klein Box,Solid052,1,1,Lautsprecher klein Box001,Link078,"Placement [Pos=(-372.429,71.4041,-158.5), Yaw-Pitch-Roll=(0,-90,30)]",Solid052,Lautsprecher klein Box,577.208572,1554.064564,6.000000000000002 x 24.989423752055007 x 25.000000000000004,"Vector (3.1411205627136294, -1.5291826821870416e-06, 1.6844546679101434e-06)"
3,Nissan GT-R/Karosserie komplett/TÃ¼re links komplett,Nissan GT-R/Karosserie komplett/TÃ¼re links komplett/Spiegeleinsatz,DirectPart,,Spiegeleinsatz,,1,1,Spiegeleinsatz,Solid092,"Placement [Pos=(-221.99,118,-165.774), Yaw-Pitch-Roll=(-5.1763e-05,-70,4.86413e-05)]",Solid092,Spiegeleinsatz,187.7196666,790.6710633,10.704914000176359 x 15.282040549729487 x 28.291627435932156,"Vector (-221.8282725086594, 117.99999977371333, -164.5996877550031)"
2,Nissan GT-R/Karosserie komplett,Nissan GT-R/Karosserie komplett/TÃ¼re rechts komplett,Occurrence(Link),,TÃ¼re rechts komplett,LinkGroup028,1,1,TÃ¼re rechts komplett,LinkGroup028,"Placement [Pos=(-79.0695,0,-61.577), Yaw-Pitch-Roll=(0,23.9012,0)]",LinkGroup028,TÃ¼re rechts komplett,116742.6492,199948.7422,262.5901982649168 x 176.7805647242911 x 137.1077430977811,"Vector (-295.21932557605044, 90.37382912141724, 194.45212398088165)"
3,Nissan GT-R/Karosserie komplett/TÃ¼re rechts komplett,Nissan GT-R/Karosserie komplett/TÃ¼re rechts komplett/TÃ¼re rechts II,DirectPart,,TÃ¼re rechts II,Solid093,1,1,TÃ¼re rechts II,Solid093,"Placement [Pos=(5.55112e-14,-9.95682e-60,5.55112e-14), Yaw-Pitch-Roll=(0,0,0)]",Solid093,TÃ¼re rechts II,83925.163,158107.3382,257.02174621385154 x 176.7805647242911 x 91.93406584260845,"Vector (-294.9562244795454, 75.78446664365428, 152.56859212225135)"
3,Nissan GT-R/Karosserie komplett/TÃ¼re rechts komplett,Nissan GT-R/Karosserie komplett/TÃ¼re rechts komplett/Seitenscheibe rechts,DirectPart,,Seitenscheibe rechts,Solid094,1,1,Seitenscheibe rechts,Solid094,"Placement [Pos=(-0.00149886,-0.000253164,-0.000195719), Yaw-Pitch-Roll=(-7.60454e-05,-4.66066e-06,-1.59263e-05)]",Solid094,Seitenscheibe rechts,25815.13669,27139.03498,221.3476438125871 x 63.65726426483346 x 51.366151385653694,"Vector (-334.81494227103485, 144.5189052661524, 125.07109036190207)"
3,Nissan GT-R/Karosserie komplett/TÃ¼re rechts komplett,Nissan GT-R/Karosserie komplett/TÃ¼re rechts komplett/SSP rechts,DirectPart,,SSP rechts,Solid095,1,1,SSP rechts,Solid095,"Placement [Pos=(-217,118,149.755), Yaw-Pitch-Roll=(0,-90,5.1843e-13)]",Solid095,SSP rechts,1684.494878,3621.92804,26.748214717644828 x 17.301733073605234 x 48.954487484346146,"Vector (-211.87479179546975, 118.5461148333381, 152.94345135747167)"
3,Nissan GT-R/Karosserie komplett/TÃ¼re rechts komplett,Nissan GT-R/Karosserie komplett/TÃ¼re rechts komplett/M2x011,Occurrence(Link),,M2x8,Solid031,2,2,M2x011,Link079,"Placement [Pos=(0,0,0), Yaw-Pitch-Roll=(0,0,0)]",Solid031,M2x8,51.02798086,113.1005289,12.0 x 3.787021073425345 x 3.8,"Vector (2.6604730021945393, 1.6589820760347183e-17, -4.5121753338163293e-17)"
3,Nissan GT-R/Karosserie komplett/TÃ¼re rechts komplett,Nissan GT-R/Karosserie komplett/TÃ¼re rechts komplett/Lautsprecher mittel001,Occurrence(Link),,Lautsprecher mittel,Solid090,1,1,Lautsprecher mittel001,Link080,"Placement [Pos=(-235,35.5,152), Yaw-Pitch-Roll=(0,90,-30)]",Solid090,Lautsprecher mittel,2172.052603,3589.187139,45.00000000000003 x 45.0 x 5.395528941459844,"Vector (-234.99999999999997, 35.500000000000675, -152.26236259147834)"
3,Nissan GT-R/Karosserie komplett/TÃ¼re rechts komplett,Nissan GT-R/Karosserie komplett/TÃ¼re rechts komplett/Lautsprecher klein002,Occurrence(Link),,Lautsprecher klein,Solid051,1,1,Lautsprecher klein002,Link081,"Placement [Pos=(-372.427,71.4,160), Yaw-Pitch-Roll=(0,90,-30)]",Solid051,Lautsprecher klein,746.6562982,1279.303254,5.39552894145986 x 24.9633353462781 x 25.0,"Vector (0.16520482882169396, 5.5463569583754904e-14, 8.778813964289153e-16)"
3,Nissan GT-R/Karosserie komplett/TÃ¼re rechts komplett,Nissan GT-R/Karosserie komplett/TÃ¼re rechts komplett/Lautsprecher klein Box002,Occurrence(Link),,Lautsprecher klein Box,Solid052,1,1,Lautsprecher klein Box002,Link082,"Placement [Pos=(-372.427,71.4,158.5), Yaw-Pitch-Roll=(0,90,-30)]",Solid052,Lautsprecher klein Box,577.208572,1554.064564,6.000000000000002 x 24.989423752055007 x 25.000000000000004,"Vector (3.1411205627136294, -1.5291826821870416e-06, 1.6844546679101434e-06)"
3,Nissan GT-R/Karosserie komplett/TÃ¼re rechts komplett,Nissan GT-R/Karosserie komplett/TÃ¼re rechts komplett/Lautsprecher mittel Box001,Occurrence(Link),,Lautsprecher mittel Box,Solid091,1,1,Lautsprecher mittel Box001,Link083,"Placement [Pos=(-235,35.5,150.5), Yaw-Pitch-Roll=(0,90,30)]",Solid091,Lautsprecher mittel Box,1539.927691,3641.013858,45.0 x 45.0 x 8.0,"Vector (-234.99999142840463, 35.500001187786395, -148.0178034172824)"
3,Nissan GT-R/Karosserie komplett/TÃ¼re rechts komplett,Nissan GT-R/Karosserie komplett/TÃ¼re rechts komplett/Spiegeleinsatz001,Occurrence(Link),,Spiegeleinsatz,,1,1,Spiegeleinsatz001,Link084,"Placement [Pos=(-222.46,118,164.755), Yaw-Pitch-Roll=(-5.1763e-05,70,-4.86413e-05)]",Solid092,Spiegeleinsatz,187.7196666,790.6710633,10.704914000176359 x 15.282040549729487 x 28.291627435932156,"Vector (-221.8282725086594, 117.99999977371333, -164.5996877550031)"
2,Nissan GT-R/Karosserie komplett,Nissan GT-R/Karosserie komplett/Antenne,DirectPart,,Antenne,Solid096,1,1,Antenne,Solid096,"Placement [Pos=(-370,191.536,-8.52651e-14), Yaw-Pitch-Roll=(180,34.6025,180)]",Solid096,Antenne,420.4161574,593.6108561,4.999999872923695 x 68.0 x 4.963680123062062,"Vector (-370.0000000000002, 212.45966201222498, -8.524717104472147e-14)"
2,Nissan GT-R/Karosserie komplett,Nissan GT-R/Karosserie komplett/TÃ¼rschweller001,Occurrence(Link),,TÃ¼rschweller,Solid097,2,2,TÃ¼rschweller001,Link088,"Placement [Pos=(0,0,0), Yaw-Pitch-Roll=(0,0,0)]",Solid097,TÃ¼rschweller,2906.240427,5668.735327,130.0 x 20.0 x 1.3,"Vector (65.03629039547286, 10.01405129864267, -0.4315072917067287)"
2,Nissan GT-R/Karosserie komplett,Nissan GT-R/Karosserie komplett/Scheibenwischer komplett001,Occurrence(Link),,Scheibenwischer komplett,LinkGroup029,2,2,Scheibenwischer komplett001,Link089,"Placement [Pos=(0,0,0), Yaw-Pitch-Roll=(0,0,0)]",LinkGroup029,Scheibenwischer komplett,1588.07672,3674.448043,125.07263123142951 x 20.629144231258234 x 6.0,"Vector (30.11054640007702, -0.38870465740735366, 8.18403645391859e-08)"
2,Nissan GT-R/Karosserie komplett,Nissan GT-R/Karosserie komplett/Domstrebe,DirectPart,,Domstrebe,Solid100,1,1,Domstrebe,Solid100,"Placement [Pos=(-55,78.5,-3.03577e-14), Yaw-Pitch-Roll=(0,-90,0)]",Solid100,Domstrebe,21805.21073,23513.54347,30.000000000000064 x 51.0 x 307.7812662229416,"Vector (-55.000276431773884, 72.8923758160191, -0.005917709220992653)"
2,Nissan GT-R/Karosserie komplett,Nissan GT-R/Karosserie komplett/Motorraum,DirectPart,,Motorraum,Solid101,1,1,Motorraum,Solid101,"Placement [Pos=(96,-3.5,4.77049e-14), Yaw-Pitch-Roll=(0,90,0)]",Solid101,Motorraum,506754.9361,592693.8853,228.402992700066 x 143.6326057286503 x 307.1264928826158,"Vector (-8.662200645859684, 28.173693096305062, 0.6108959281861418)"
2,Nissan GT-R/Karosserie komplett,Nissan GT-R/Karosserie komplett/BÃ¼gel001,Occurrence(Link),,BÃ¼gel,Solid102,2,2,BÃ¼gel001,Link090,"Placement [Pos=(0,0,0), Yaw-Pitch-Roll=(0,0,0)]",Solid102,BÃ¼gel,1141.540639,1706.755102,145.24995802621066 x 11.24215883067825 x 2.5,"Vector (67.49363669951214, -0.43023636607216686, 6.15193258005426e-17)"
